WELLNESS_life_satisfaction,DEMO_age
2,71
7,69
5,56
4,54
8,30
7,55
5,50
5,52
1,66
6,76
7,27
6,49
8,57
8,48
6,57
9,54
7,74
6,38
5,50
4,73
NA,NA
2,NA
NA,59
7,44
1,42
1,63
8,67
7,71
9,50
NA,NA
1,32
5,51
8,67
2,63
6,29
6,46
6,28
3,68
2,30
6,50
7,23
3,56
NA,NA
10,27
7,39
8,26
NA,NA
5,73
9,56
5,77
6,75
7,25
5,52
6,60
7,70
6,48
6,31
2,28
8,31
9,85
5,52
NA,52
7,55
6,48
6,36
8,35
6,44
NA,24
2,63
NA,36
9,NA
7,NA
4,69
NA,NA
2,32
1,60
3,32
8,NA
9,68
2,63
8,NA
6,31
3,36
8,25
10,29
8,44
10,66
4,27
NA,63
5,61
9,24
NA,81
6,85
5,62
8,75
7,33
10,72
6,39
8,36
NA,NA
NA,55
5,23
5,19
7,76
3,49
3,NA
8,NA
6,45
NA,20
3,30
3,18
6,37
5,NA
5,NA
1,57
8,66
9,35
NA,21
2,65
NA,NA
6,26
9,61
5,26
10,75
7,30
6,45
NA,25
2,67
4,28
9,18
7,21
7,19
5,34
2,45
10,58
9,34
5,27
6,29
7,62
7,21
8,91
6,64
10,20
7,40
5,28
3,34
NA,68
4,60
NA,71
6,30
8,60
7,31
8,30
5,59
8,58
8,70
5,67
10,33
8,26
6,38
7,62
NA,77
4,73
10,36
3,28
NA,38
8,61
1,50
NA,62
6,42
7,23
3,37
3,56
NA,22
5,22
6,71
7,55
8,78
10,25
7,48
9,58
8,38
5,61
8,62
9,63
8,50
5,NA
3,NA
4,60
NA,NA
5,44
6,50
NA,77
6,NA
1,NA
2,58
4,NA
4,NA
6,68
8,26
NA,18
5,21
8,33
6,39
8,54
NA,30
NA,NA
4,NA
4,53
6,28
7,34
6,58
NA,NA
3,56
NA,74
7,57
9,57
7,57
5,59
NA,46
1,25
4,32
2,65
3,20
NA,72
8,35
4,55
5,56
6,28
6,28
NA,70
NA,NA
9,66
7,47
1,28
8,30
4,50
9,65
3,53
3,61
6,26
3,25
10,24
8,56
NA,NA
3,NA
7,66
5,35
4,42
7,43
8,71
7,22
NA,44
2,50
4,50
4,74
7,32
1,60
8,25
NA,47
9,52
8,28
NA,44
7,54
8,55
1,45
NA,26
10,25
NA,38
NA,37
5,34
NA,45
8,37
9,27
6,36
7,59
NA,33
NA,55
7,26
8,19
7,32
6,62
NA,25
10,19
8,29
3,63
7,63
6,23
6,64
2,20
5,44
9,51
NA,NA
NA,54
NA,NA
7,42
8,26
NA,NA
NA,96
10,70
4,61
NA,49
3,57
6,35
9,58
7,30
6,48
8,64
2,52
NA,30
8,56
1,27
10,67
8,26
2,69
9,65
9,62
4,30
9,75
NA,NA
4,54
NA,NA
10,NA
7,79
5,57
7,42
2,54
8,55
NA,NA
6,28
8,60
8,73
8,83
9,64
8,62
3,29
7,NA
6,28
8,34
5,32
10,47
5,34
6,26
4,66
9,28
NA,30
2,66
7,71
6,70
4,61
8,32
8,32
10,33
6,33
2,29
5,62
NA,73
3,25
9,34
2,52
7,30
8,60
5,37
NA,85
10,25
6,56
8,24
3,38
8,64
8,24
NA,80
10,40
NA,NA
7,74
7,35
5,53
1,18
7,30
8,17
8,23
9,53
10,68
5,65
5,25
3,66
10,16
6,23
3,43
8,NA
7,NA
8,69
7,35
6,NA
6,NA
7,45
8,81
10,32
NA,20
8,50
10,64
NA,61
7,50
NA,44
1,NA
1,NA
8,28
NA,80
6,45
6,22
8,NA
6,NA
8,37
8,78
1,62
1,20
7,39
4,64
8,72
NA,18
8,64
9,63
6,63
NA,65
6,NA
7,NA
8,64
7,61
7,67
8,69
6,51
8,62
8,57
6,28
8,26
1,64
10,29
7,38
NA,NA
7,30
7,55
7,58
NA,32
3,30
7,52
10,33
7,27
10,80
5,26
10,54
4,28
5,49
5,21
9,32
10,33
6,33
3,31
8,54
NA,68
6,55
9,28
5,24
7,43
3,25
9,30
NA,64
NA,79
7,32
8,NA
7,NA
10,34
NA,58
NA,48
7,71
6,79
4,59
8,32
4,27
8,54
6,46
6,24
5,67
NA,NA
8,64
7,41
NA,NA
NA,23
5,57
NA,24
8,32
5,71
5,72
8,93
NA,79
5,32
9,33
NA,56
8,62
NA,60
3,39
10,72
8,35
8,29
NA,71
7,46
9,74
8,NA
8,NA
6,25
4,25
NA,64
2,38
3,75
6,34
7,26
5,64
10,32
NA,81
NA,59
9,28
8,NA
8,62
8,NA
6,34
9,49
2,55
8,36
7,56
6,35
6,36
9,73
6,28
5,38
8,59
6,53
7,53
4,59
7,56
10,60
2,59
8,20
9,NA
9,65
9,NA
NA,60
4,43
NA,48
1,43
8,59
1,49
NA,39
3,27
5,25
7,31
10,60
5,65
8,31
5,63
NA,60
6,29
NA,65
8,66
9,46
10,31
7,26
4,45
9,42
4,44
6,25
6,25
1,58
7,21
7,27
4,28
7,42
9,69
7,25
9,62
7,23
9,53
7,20
4,53
9,32
10,64
NA,47
6,32
NA,56
4,29
8,64
8,71
NA,46
9,22
9,32
9,59
9,73
7,28
7,36
NA,76
4,54
4,25
10,64
5,28
7,62
7,27
7,NA
5,NA
4,24
7,30
6,48
8,79
9,NA
8,NA
6,62
5,NA
6,40
6,NA
1,62
2,61
8,42
9,42
7,26
10,NA
6,28
7,NA
7,NA
NA,79
6,46
NA,24
6,30
5,33
9,84
5,31
4,29
6,43
7,51
9,79
5,65
10,34
6,69
3,47
4,44
9,33
4,58
10,32
4,77
NA,NA
6,67
NA,26
6,70
7,44
9,79
8,53
1,62
5,20
4,62
8,74
NA,67
6,42
NA,28
2,55
6,71
NA,26
4,39
8,25
7,56
NA,37
10,22
8,92
1,42
NA,NA
6,28
7,30
1,38
8,40
NA,53
7,25
1,32
NA,64
8,36
2,39
8,75
9,74
6,NA
NA,36
7,21
7,47
NA,31
NA,NA
9,25
7,NA
6,NA
8,25
10,75
5,62
NA,59
7,16
6,54
6,20
NA,NA
4,64
6,NA
6,NA
1,50
5,36
NA,NA
6,66
NA,39
8,36
4,29
4,56
6,54
6,30
8,69
5,69
5,26
1,35
10,36
1,74
5,26
7,30
8,73
9,NA
9,NA
NA,NA
5,63
7,27
NA,23
7,42
9,58
10,28
6,55
5,29
1,23
7,41
1,58
6,53
NA,67
2,33
4,32
5,45
7,53
3,71
4,24
5,42
NA,27
5,50
4,47
9,32
3,23
6,66
10,65
7,69
6,63
4,51
NA,53
9,33
5,41
NA,NA
NA,47
NA,51
3,62
8,72
5,61
NA,74
9,73
7,52
NA,19
NA,30
NA,60
9,NA
8,26
8,41
7,25
9,51
4,61
NA,31
5,26
4,32
NA,53
NA,18
2,61
7,55
3,59
7,NA
3,68
7,31
8,65
5,43
4,25
10,62
9,67
6,64
6,36
NA,80
7,64
2,32
6,33
7,32
NA,NA
7,22
5,44
7,28
NA,36
4,50
6,22
3,35
5,52
7,66
7,26
9,75
1,76
3,58
10,23
5,38
7,33
7,29
6,47
1,35
9,17
10,34
8,28
NA,56
10,34
NA,33
2,47
NA,65
8,60
7,59
7,32
7,56
5,62
5,73
9,26
7,NA
9,NA
8,64
7,50
6,50
5,40
8,21
5,67
5,69
7,25
3,39
6,64
7,62
7,43
2,26
10,46
8,82
NA,34
4,32
NA,61
5,71
7,20
7,57
8,51
6,30
9,21
8,34
7,43
10,30
9,25
8,26
6,52
7,34
3,46
6,55
8,38
8,64
6,23
4,30
5,39
NA,36
5,54
6,63
8,67
6,30
7,47
10,81
NA,53
5,28
7,63
10,60
7,NA
7,42
8,66
NA,61
7,82
6,26
8,51
8,57
8,57
5,18
8,74
9,66
5,31
3,57
7,58
8,27
7,28
NA,NA
4,59
8,74
NA,74
NA,35
7,21
8,77
6,46
NA,26
9,75
1,28
6,27
NA,82
10,59
7,54
8,30
4,74
8,23
6,25
4,60
10,55
6,47
8,28
7,26
3,25
10,17
9,62
5,30
NA,22
4,29
5,71
6,44
10,86
NA,72
10,62
9,39
7,59
9,64
3,37
9,59
1,63
7,74
3,30
3,54
5,34
3,67
1,57
5,45
6,79
6,77
9,74
6,38
NA,56
10,25
NA,28
8,28
7,30
4,29
1,22
5,44
10,69
NA,35
10,81
NA,58
10,70
4,58
2,60
3,31
10,24
7,23
NA,24
NA,85
8,35
7,26
9,70
8,70
NA,42
6,48
5,NA
4,47
8,37
6,67
9,69
7,24
9,57
10,35
5,41
8,56
NA,40
10,NA
8,36
9,NA
1,65
10,NA
9,NA
10,41
5,66
5,66
NA,26
7,72
8,29
4,NA
1,72
1,NA
10,45
4,18
9,58
3,35
5,50
NA,53
3,35
3,NA
3,55
NA,NA
3,30
10,33
5,25
NA,64
5,38
NA,NA
7,69
NA,28
7,46
1,52
6,28
8,62
10,57
6,35
10,32
5,34
3,67
7,33
8,76
6,35
NA,NA
NA,NA
10,26
5,32
5,59
9,NA
8,21
9,79
10,44
3,63
6,NA
7,NA
NA,27
7,60
5,68
9,35
NA,31
9,74
2,23
4,24
NA,27
8,45
5,70
9,24
8,27
5,25
NA,55
5,43
8,27
5,26
3,21
5,91
3,57
6,45
6,17
1,69
10,28
NA,62
9,78
10,20
6,52
NA,72
4,63
3,27
3,31
3,32
NA,42
8,39
9,25
6,26
NA,31
NA,58
5,16
NA,NA
7,30
9,58
8,51
4,58
6,33
5,77
4,NA
NA,NA
NA,77
9,61
NA,NA
7,NA
8,34
4,NA
5,35
5,22
3,62
1,NA
6,51
7,55
8,58
4,35
NA,32
8,61
NA,32
10,25
4,63
6,50
8,33
6,NA
9,NA
7,40
6,25
6,43
10,58
NA,NA
3,NA
6,25
8,23
2,27
7,30
10,25
NA,48
9,39
10,57
7,66
7,47
8,26
6,61
7,21
6,63
3,19
9,33
7,26
2,45
NA,27
10,40
10,NA
8,68
5,65
7,38
NA,26
5,68
4,33
9,50
8,30
8,28
5,39
7,25
NA,65
4,50
10,NA
10,NA
10,79
10,77
4,23
1,40
7,55
7,25
7,84
6,36
8,74
7,69
8,NA
7,45
3,65
10,NA
6,NA
5,32
7,75
7,40
7,36
NA,62
NA,NA
NA,68
3,60
NA,70
10,35
NA,65
2,NA
6,57
NA,NA
1,26
7,62
7,77
6,28
3,55
NA,41
10,26
6,29
8,32
NA,89
8,61
4,33
NA,51
5,53
9,72
1,63
8,75
NA,52
7,49
4,45
NA,NA
5,72
6,33
NA,66
7,36
7,NA
9,24
7,NA
4,80
NA,26
9,61
7,42
10,38
NA,35
3,38
NA,57
4,45
NA,NA
6,27
6,78
5,44
8,68
3,65
NA,NA
7,48
8,29
10,77
3,36
6,72
1,66
9,62
7,60
9,34
8,NA
4,76
6,NA
7,62
7,36
3,25
1,56
9,36
7,33
7,57
6,50
7,62
8,26
4,27
5,28
7,37
10,30
3,63
8,71
8,70
5,NA
NA,NA
7,45
4,59
2,29
NA,80
8,48
1,68
8,72
NA,30
5,41
7,49
NA,73
5,63
7,65
5,33
1,22
5,74
5,28
NA,NA
10,NA
7,31
2,25
NA,80
8,83
6,62
7,56
NA,NA
8,54
7,24
NA,41
7,54
6,61
8,28
NA,75
5,65
NA,25
5,73
9,27
8,55
NA,73
8,36
7,69
10,25
10,47
8,47
8,26
9,52
2,20
7,55
7,25
6,60
NA,NA
5,27
6,65
1,48
4,18
8,53
2,66
4,23
8,25
3,56
8,68
7,63
6,59
5,47
NA,NA
2,54
3,29
NA,62
8,36
NA,65
6,56
8,31
8,21
5,NA
3,75
9,30
8,57
5,64
NA,75
10,38
5,17
7,64
7,25
8,32
5,79
NA,31
1,78
9,80
5,NA
4,NA
8,26
8,58
7,NA
7,60
8,NA
8,73
7,54
2,25
8,46
5,29
NA,19
5,25
7,NA
5,27
6,69
10,66
NA,34
10,46
10,NA
7,57
NA,31
NA,42
8,70
9,51
7,61
4,16
1,33
6,63
7,53
6,26
9,24
3,35
10,52
6,32
6,40
7,27
10,28
7,68
1,79
7,61
NA,51
7,39
8,70
NA,19
NA,37
3,66
9,42
7,25
9,27
5,33
6,28
NA,59
1,25
8,54
NA,NA
5,51
1,67
8,28
8,70
4,68
6,22
6,47
6,31
7,30
8,29
8,25
5,64
NA,41
6,55
4,35
6,28
1,61
NA,63
5,31
NA,53
8,35
8,61
9,70
8,58
5,24
8,61
9,68
6,NA
6,NA
8,63
5,62
7,28
6,25
5,58
6,28
7,37
4,58
7,37
5,50
3,34
NA,85
6,36
5,57
NA,71
8,43
10,63
4,41
6,64
9,56
5,27
NA,27
10,39
NA,22
2,49
4,47
NA,63
6,71
NA,52
8,76
7,35
7,56
8,73
1,20
7,67
8,28
5,55
6,32
8,50
2,75
1,37
3,67
NA,81
7,36
6,34
9,66
8,36
5,25
3,58
9,67
NA,69
9,24
6,33
8,23
5,38
2,52
6,68
7,53
7,51
1,20
9,62
NA,NA
6,30
NA,65
7,72
1,54
10,68
NA,20
4,34
NA,42
6,63
8,73
7,36
6,26
6,36
8,65
NA,41
5,34
8,65
4,25
5,37
1,22
4,75
NA,75
9,30
5,22
2,24
8,32
5,61
7,65
5,75
6,54
7,67
7,47
7,33
9,53
8,28
8,58
3,53
6,29
4,NA
4,NA
3,35
8,27
NA,NA
5,32
NA,30
NA,65
6,80
5,22
7,36
NA,58
7,60
8,25
7,42
3,NA
5,NA
4,69
4,27
NA,57
4,NA
4,40
8,NA
7,NA
2,64
6,30
8,53
8,65
9,57
5,64
5,38
6,70
6,45
7,71
7,56
NA,31
1,50
NA,69
8,66
6,17
6,23
3,35
9,30
10,23
NA,29
8,54
7,73
6,70
8,71
3,36
7,45
5,59
NA,58
10,30
8,42
8,23
4,25
6,78
1,51
8,25
NA,26
4,69
6,33
NA,46
5,23
7,18
6,41
8,36
10,25
NA,36
4,18
9,29
6,23
10,27
NA,29
2,18
9,38
NA,63
NA,NA
8,22
3,23
7,47
4,25
1,NA
7,NA
3,49
NA,57
8,38
7,27
NA,NA
7,NA
6,NA
2,79
10,75
7,53
NA,72
10,28
4,30
1,57
NA,NA
1,69
1,NA
5,72
4,28
5,67
NA,26
NA,27
8,49
6,47
10,23
10,29
NA,41
NA,20
6,50
8,67
6,NA
8,NA
8,24
4,37
7,42
4,28
8,45
8,59
NA,67
8,33
4,63
NA,61
6,45
NA,NA
NA,56
8,73
1,67
2,29
6,43
NA,57
NA,64
8,81
9,NA
10,NA
5,38
NA,82
7,59
9,37
9,39
2,54
7,NA
7,44
8,NA
4,37
2,48
1,56
7,30
7,37
5,62
10,20
7,56
4,30
6,NA
8,89
7,NA
6,19
3,30
NA,32
6,28
6,63
7,24
4,60
6,46
5,32
8,31
9,31
NA,28
6,46
7,40
3,66
6,48
6,54
7,24
10,73
9,26
6,41
6,50
NA,33
2,54
NA,65
NA,70
7,19
5,40
4,65
3,35
7,25
NA,28
5,64
8,64
NA,NA
NA,NA
4,25
7,32
10,32
5,32
4,55
10,32
8,69
7,26
4,28
NA,58
6,28
NA,37
8,26
8,82
8,NA
7,78
9,40
NA,38
NA,68
4,43
6,30
NA,81
7,48
1,38
10,28
NA,27
8,33
4,39
NA,66
7,73
3,63
NA,73
5,64
3,50
9,28
5,62
4,59
6,29
8,63
3,NA
5,NA
7,21
8,25
7,54
7,71
5,67
4,56
NA,64
NA,31
1,39
7,32
6,26
NA,46
6,28
9,61
NA,26
NA,55
NA,31
8,70
NA,30
5,40
6,59
8,60
6,28
4,18
7,68
6,31
4,62
5,48
9,59
6,35
1,37
9,60
7,28
NA,53
4,26
7,79
8,35
8,37
NA,NA
8,20
NA,70
1,28
7,88
5,42
8,62
1,51
5,70
10,NA
3,72
8,32
4,18
3,72
7,34
6,76
NA,42
5,37
8,75
7,22
10,NA
9,NA
8,66
8,58
6,36
NA,55
8,59
3,NA
7,56
5,18
10,19
7,72
8,62
9,55
1,50
8,61
8,66
10,63
8,44
6,57
7,30
8,63
7,25
8,33
7,42
5,18
9,33
NA,42
7,55
8,57
7,32
9,63
10,30
6,26
7,60
NA,85
NA,30
8,52
NA,28
4,68
5,35
8,44
8,NA
9,NA
8,39
4,37
8,33
2,23
NA,35
10,76
7,31
7,63
1,74
10,26
4,53
3,44
NA,NA
5,70
NA,37
3,NA
3,49
4,41
8,49
6,62
3,68
1,57
NA,NA
6,61
10,33
7,42
3,66
5,36
6,60
2,16
NA,58
5,49
7,81
9,NA
8,NA
7,61
5,24
NA,35
5,31
3,27
10,55
NA,NA
1,32
NA,NA
3,36
8,63
7,22
6,32
4,48
4,55
6,30
5,61
NA,NA
7,62
8,52
7,36
8,66
7,22
5,63
NA,NA
NA,71
4,44
5,49
8,NA
7,38
7,NA
7,28
7,NA
6,NA
4,26
8,18
6,58
9,31
10,30
8,28
7,60
1,57
NA,33
5,80
8,78
5,70
3,NA
9,50
6,NA
NA,NA
8,76
8,24
7,41
8,68
7,23
3,28
7,66
4,18
9,40
10,23
10,66
7,27
10,56
4,23
8,37
9,63
8,25
7,59
5,40
3,25
7,24
10,NA
4,56
9,62
NA,30
6,27
9,65
5,52
7,46
NA,NA
1,74
8,68
5,25
6,34
6,79
6,35
5,47
5,28
5,49
9,62
8,64
9,56
NA,NA
NA,NA
9,78
NA,59
4,46
6,63
5,25
9,35
7,21
5,50
7,28
NA,32
10,42
4,43
4,19
NA,37
NA,24
7,39
8,52
4,18
4,NA
5,NA
NA,NA
3,60
7,69
NA,84
7,63
9,36
NA,69
5,61
NA,58
4,20
8,84
NA,30
7,60
1,62
NA,40
10,40
10,26
8,75
8,24
9,77
3,54
9,68
9,80
5,57
6,50
NA,22
9,80
6,62
6,30
NA,33
5,70
8,56
NA,69
7,52
NA,58
10,35
7,51
8,65
7,62
6,36
9,26
6,33
2,26
4,43
9,58
8,35
NA,18
10,68
2,68
5,59
7,26
NA,42
3,65
NA,65
NA,18
6,30
3,29
6,23
1,62
8,26
NA,30
6,NA
9,28
NA,29
7,66
7,54
7,64
6,61
7,25
3,56
3,NA
3,51
3,NA
8,34
6,32
3,62
6,52
NA,60
NA,73
8,70
NA,28
NA,80
5,28
5,26
6,74
9,29
NA,NA
3,66
7,75
1,74
8,30
NA,27
NA,75
1,59
6,57
4,29
6,65
4,62
2,32
7,40
NA,38
9,80
10,23
5,47
9,24
6,69
8,71
NA,26
8,24
5,67
7,21
NA,25
8,62
9,66
8,58
5,25
1,60
7,42
10,68
3,28
7,67
7,32
10,64
NA,63
NA,80
3,45
5,32
7,20
8,33
8,NA
7,68
5,68
NA,65
6,61
6,71
1,46
3,53
10,71
7,46
8,48
3,43
10,37
NA,59
NA,67
8,24
7,60
NA,NA
9,50
5,36
8,36
9,18
8,53
NA,61
3,25
5,22
NA,NA
6,29
6,28
10,59
6,26
8,40
NA,66
2,28
3,32
8,34
6,60
9,43
7,28
4,25
6,61
6,76
9,30
7,73
8,32
8,23
7,68
NA,NA
8,59
7,70
9,32
7,31
6,64
6,73
5,42
7,49
8,26
3,64
4,44
NA,54
6,30
6,45
NA,NA
NA,26
6,22
3,28
7,69
5,28
6,62
9,61
5,45
NA,NA
6,50
NA,27
5,51
5,58
7,72
6,26
NA,NA
3,18
7,NA
7,NA
7,73
NA,47
7,33
7,NA
5,NA
5,58
5,24
3,69
8,NA
7,57
2,47
NA,54
4,NA
4,68
7,NA
4,30
7,48
NA,NA
10,75
5,51
5,33
5,36
4,60
9,31
NA,44
7,40
NA,66
6,61
10,53
NA,87
5,55
7,63
NA,77
9,73
8,48
6,71
2,60
4,36
6,35
9,67
2,49
3,64
7,36
8,69
9,72
9,74
NA,75
1,52
7,78
NA,63
NA,NA
6,57
8,20
7,21
9,51
1,38
8,33
7,34
4,30
8,57
9,24
NA,76
4,39
NA,52
7,29
5,47
1,36
5,38
5,28
7,57
7,71
4,66
8,NA
4,38
5,NA
10,82
1,62
6,67
5,36
8,25
6,40
5,29
8,61
4,56
5,35
8,47
2,66
8,73
NA,32
8,82
3,41
7,60
7,30
10,76
6,18
7,42
1,36
5,25
3,62
NA,56
6,24
NA,65
5,66
4,68
NA,70
2,38
7,70
4,20
NA,22
3,70
3,NA
6,43
8,52
1,26
4,29
2,20
7,54
3,NA
4,64
4,26
10,35
6,26
9,21
7,72
NA,NA
9,30
7,91
6,35
7,57
7,58
5,36
9,30
6,33
10,58
NA,NA
9,44
7,NA
4,NA
8,29
6,20
NA,NA
NA,30
NA,30
2,47
8,33
4,73
6,70
5,28
3,20
6,56
4,28
8,71
4,29
7,62
5,NA
8,NA
5,74
3,37
5,76
6,NA
5,23
4,NA
5,36
6,69
3,77
8,33
9,32
8,73
9,63
7,38
NA,55
9,19
7,54
1,43
7,62
9,65
7,31
5,28
8,22
7,51
9,80
7,59
10,73
5,36
8,56
5,26
NA,45
6,30
6,NA
8,50
8,69
3,62
6,27
8,47
NA,NA
1,54
8,26
7,74
7,36
4,24
6,34
NA,NA
6,50
9,70
3,NA
1,34
2,NA
5,26
NA,44
7,25
7,36
10,74
NA,82
6,26
8,NA
8,56
9,NA
7,24
NA,74
7,26
NA,34
NA,31
2,33
NA,73
4,47
9,30
2,25
7,62
9,75
3,NA
2,68
7,63
6,31
6,26
9,73
9,67
4,22
8,38
8,28
1,53
4,57
NA,56
5,30
7,65
NA,21
3,22
3,56
5,63
8,62
4,65
9,59
7,62
3,26
6,23
5,30
NA,69
4,49
9,30
5,67
NA,36
5,70
7,23
NA,64
5,28
2,39
NA,59
6,57
6,90
NA,NA
6,63
NA,32
7,65
8,60
3,41
3,28
5,62
6,37
5,65
NA,79
9,68
8,71
6,26
4,28
6,27
NA,34
NA,NA
4,34
7,NA
8,40
8,NA
4,50
8,68
2,35
4,NA
4,NA
5,27
6,32
10,72
5,79
6,53
3,19
NA,24
3,62
6,48
3,58
6,55
3,24
8,32
NA,44
NA,NA
5,61
8,22
9,45
9,38
8,64
NA,64
6,33
NA,22
3,33
4,45
9,47
6,30
NA,23
8,25
NA,NA
6,56
NA,62
5,40
1,29
6,49
7,22
NA,72
7,24
7,21
NA,27
7,63
6,70
NA,39
7,28
6,23
7,25
10,25
7,26
8,77
7,75
10,22
4,23
5,28
6,35
8,25
9,48
10,29
6,49
NA,55
10,68
6,30
8,33
5,59
7,58
8,59
8,69
8,73
7,60
6,26
NA,NA
5,24
10,28
7,68
NA,62
NA,NA
7,64
4,75
NA,57
5,25
9,39
2,70
8,35
8,18
NA,59
5,24
NA,NA
7,38
NA,30
7,28
NA,88
3,59
7,76
7,73
1,62
9,30
NA,38
4,24
3,28
10,28
4,30
3,20
6,58
NA,28
9,36
8,29
7,59
8,63
4,50
6,36
7,24
8,62
9,69
9,33
NA,29
4,47
1,56
6,30
4,64
NA,18
5,28
9,67
NA,20
7,NA
7,63
8,NA
NA,30
4,65
6,NA
6,30
7,NA
8,28
NA,NA
2,57
3,25
NA,83
6,23
10,26
2,26
3,29
NA,29
7,78
NA,NA
4,24
5,28
7,25
5,62
6,48
8,46
7,35
7,59
7,18
6,72
9,44
6,34
7,28
4,22
4,41
6,38
7,76
7,42
7,41
7,35
NA,55
7,46
5,23
9,40
8,26
7,42
5,67
5,31
6,26
5,58
1,50
8,35
10,66
8,32
6,47
10,43
5,63
6,28
7,68
1,57
8,70
6,45
7,NA
3,65
4,23
NA,70
8,72
8,63
7,46
7,54
7,50
5,28
8,71
3,73
8,NA
10,NA
8,38
NA,49
8,29
8,78
7,34
4,62
7,35
NA,NA
NA,43
NA,45
6,44
3,45
8,65
6,26
NA,60
5,78
9,33
7,50
7,NA
8,NA
NA,28
4,30
1,19
5,32
NA,NA
6,66
7,55
NA,55
7,52
9,68
7,64
10,22
10,78
NA,53
4,35
9,33
5,26
NA,NA
1,49
4,70
8,61
NA,45
4,53
9,70
4,32
5,39
NA,77
5,69
NA,NA
4,47
9,35
4,48
NA,NA
8,61
7,NA
3,68
8,NA
5,68
5,31
8,78
9,NA
9,NA
8,35
5,30
3,52
1,52
NA,56
8,54
NA,27
6,66
1,63
6,NA
7,NA
6,22
8,73
8,90
7,61
7,28
6,75
9,45
8,43
1,59
4,26
NA,49
NA,29
7,20
10,41
6,75
10,59
NA,NA
7,29
10,68
NA,78
1,54
7,60
NA,18
6,NA
4,63
8,36
2,19
5,60
9,37
2,57
6,55
NA,58
7,44
7,57
3,23
10,69
7,34
8,51
7,64
3,58
7,34
NA,NA
NA,NA
8,63
2,71
6,79
NA,56
NA,36
10,36
7,29
3,50
8,59
NA,NA
8,54
6,69
5,32
NA,NA
7,76
9,NA
8,NA
8,NA
3,34
5,77
NA,57
4,57
6,33
NA,52
7,26
9,39
1,38
8,51
7,NA
8,NA
8,70
8,73
2,49
4,NA
1,NA
NA,NA
NA,53
8,63
8,33
NA,65
5,28
NA,NA
NA,31
7,49
10,35
NA,56
5,28
6,45
NA,70
NA,26
5,25
8,70
4,25
8,41
6,39
7,73
5,37
6,59
4,56
6,76
8,84
6,63
6,35
8,73
NA,55
NA,64
7,NA
7,52
6,54
5,NA
7,60
7,70
6,61
6,30
8,30
6,43
NA,57
1,57
7,48
7,23
6,37
7,52
NA,32
8,79
NA,34
10,34
9,73
10,77
4,28
10,34
8,66
6,46
2,26
NA,NA
1,64
3,32
NA,65
9,31
7,22
2,35
6,59
7,84
5,70
3,28
7,26
4,70
4,60
7,64
5,36
9,65
8,46
4,NA
10,19
8,40
2,37
10,32
6,22
7,16
9,NA
8,NA
7,53
8,62
NA,30
2,76
9,NA
9,NA
7,55
5,45
NA,62
5,33
NA,74
5,48
5,41
4,55
4,35
10,20
6,21
NA,60
9,21
6,25
6,65
NA,81
5,NA
5,NA
8,73
5,23
7,21
3,61
NA,56
8,38
6,62
8,25
8,46
7,26
9,37
5,82
9,50
6,42
8,31
NA,38
7,54
NA,NA
8,20
9,31
3,28
8,55
7,30
8,30
7,63
5,38
6,30
7,60
8,34
8,64
NA,25
8,85
NA,NA
7,28
5,40
5,25
1,59
6,51
6,27
8,22
6,21
5,30
7,26
8,28
6,30
4,NA
6,40
10,NA
5,24
2,NA
2,NA
3,32
2,30
2,47
8,63
NA,66
1,57
9,96
4,29
6,46
7,36
NA,70
NA,49
7,27
8,57
5,30
8,72
NA,55
7,55
4,38
1,31
4,26
NA,56
7,30
5,35
5,22
NA,18
8,54
6,33
6,71
9,27
7,35
8,70
NA,62
9,67
1,37
6,52
NA,63
6,29
4,64
7,53
3,NA
3,77
3,NA
2,23
10,36
NA,NA
7,21
6,27
1,29
8,56
8,55
4,63
6,27
7,41
8,23
1,30
4,17
NA,NA
4,48
7,61
4,47
10,NA
1,NA
NA,NA
6,40
7,38
4,56
7,21
NA,64
8,81
5,60
6,32
6,27
9,60
10,38
7,43
3,35
10,24
6,35
NA,34
3,65
1,35
8,71
NA,33
8,20
9,50
3,60
8,73
8,66
NA,63
6,26
2,66
8,54
9,33
6,74
NA,68
7,29
3,33
NA,70
5,62
7,30
NA,65
6,30
10,31
7,66
4,26
3,30
6,67
9,45
10,63
8,63
7,29
8,63
NA,48
5,22
6,50
2,58
NA,46
8,26
8,71
1,41
7,25
5,28
2,59
8,25
5,65
8,33
4,29
9,NA
8,68
9,NA
7,31
6,27
7,24
1,16
1,59
9,35
NA,35
6,35
4,NA
7,NA
6,72
8,38
6,31
7,37
5,24
NA,NA
9,43
9,54
9,NA
9,NA
9,62
10,67
4,25
3,46
NA,27
5,46
NA,34
8,25
7,20
4,23
10,52
7,55
9,38
7,77
NA,NA
9,73
1,39
8,32
7,26
7,22
5,32
2,33
8,28
10,21
NA,67
1,52
8,29
8,75
5,70
5,44
5,42
8,22
6,62
7,36
7,61
1,60
NA,67
6,28
10,33
5,25
3,58
7,56
10,NA
8,NA
7,68
8,NA
5,66
3,66
5,73
5,28
6,30
5,62
1,57
2,55
NA,65
7,32
8,22
8,53
5,46
5,28
8,NA
6,64
9,NA
9,72
4,17
7,32
3,62
7,37
5,77
3,NA
NA,23
8,89
8,62
2,54
6,42
NA,18
6,70
9,69
NA,NA
7,66
NA,NA
NA,78
10,60
8,62
9,33
6,39
7,70
8,NA
6,NA
3,NA
5,62
8,43
7,23
6,54
1,66
2,60
5,28
10,23
1,53
8,NA
7,73
NA,NA
7,24
6,26
1,35
10,62
9,30
5,32
6,67
6,41
6,65
4,54
8,52
7,33
8,69
7,30
1,66
6,27
6,64
5,26
4,66
5,35
7,NA
5,71
8,59
8,26
3,61
6,62
3,59
8,25
NA,24
8,74
5,74
8,66
NA,69
7,32
10,33
7,35
9,81
NA,NA
4,NA
1,58
8,NA
8,59
9,83
8,36
8,18
4,38
10,31
7,26
10,75
8,68
9,33
8,69
5,55
8,63
NA,49
5,36
7,75
4,51
8,39
7,28
8,30
8,69
6,65
6,40
8,NA
7,73
9,NA
2,55
4,60
5,56
3,60
6,30
5,57
1,68
1,NA
NA,78
2,25
7,24
3,50
5,33
10,70
NA,61
8,65
1,38
NA,18
7,NA
10,72
7,28
4,70
7,43
7,33
5,22
6,64
2,65
7,55
6,68
7,33
2,36
NA,NA
9,47
9,33
8,23
10,65
9,24
7,16
4,NA
6,NA
3,20
9,24
8,68
7,27
6,26
7,68
NA,78
4,20
6,36
2,21
5,27
5,24
5,32
10,31
8,23
3,62
5,28
7,35
10,28
5,21
5,25
6,42
NA,86
6,69
10,71
5,88
NA,NA
NA,66
5,53
7,23
4,NA
8,NA
8,NA
8,63
3,25
7,38
8,61
5,28
6,28
8,69
NA,22
10,64
9,NA
9,NA
7,56
3,41
8,29
6,27
6,25
NA,NA
NA,58
8,55
9,66
6,67
10,75
8,25
7,40
5,22
1,28
8,36
5,28
7,29
5,60
7,25
3,24
5,28
7,58
NA,76
6,23
5,27
NA,64
5,22
4,20
7,28
7,46
4,25
10,66
8,NA
8,65
6,NA
9,33
7,69
8,27
9,72
7,42
NA,50
5,61
6,49
6,36
7,26
5,24
5,28
NA,24
8,57
9,66
5,46
5,62
NA,81
2,67
NA,57
5,90
7,35
8,31
10,65
NA,67
7,NA
8,61
5,NA
NA,NA
10,39
7,35
3,NA
3,60
5,NA
10,25
6,55
9,50
6,30
8,33
NA,61
8,24
NA,53
5,28
10,49
8,64
9,78
7,55
NA,NA
7,43
NA,72
3,64
NA,47
9,57
6,23
8,50
4,30
7,51
7,43
2,59
9,81
5,63
4,49
9,77
1,NA
4,69
4,NA
8,35
8,66
5,28
9,45
NA,NA
7,39
8,58
10,27
7,66
10,82
6,39
7,34
NA,44
6,27
6,30
7,65
5,28
8,36
1,65
4,28
3,35
5,73
1,33
5,41
NA,30
NA,30
7,32
8,34
3,30
NA,26
NA,21
NA,24
10,37
8,58
9,38
6,30
5,28
2,NA
2,NA
NA,49
5,51
7,31
6,31
4,69
3,23
5,32
10,69
2,42
8,68
9,40
8,30
9,40
6,44
5,62
NA,74
6,50
2,46
8,66
NA,56
7,57
6,47
8,55
8,20
5,60
8,73
5,26
5,28
8,47
10,33
7,25
NA,33
7,22
6,58
NA,62
NA,57
10,25
5,64
8,NA
5,53
8,37
8,45
7,40
7,33
10,31
NA,72
7,35
10,30
NA,26
NA,65
7,51
10,NA
6,38
8,NA
NA,32
7,60
8,23
NA,NA
10,NA
7,45
6,42
2,NA
4,NA
4,50
5,75
6,47
6,40
NA,49
6,27
9,32
2,73
4,78
NA,20
5,26
4,53
NA,78
6,27
7,35
NA,56
5,28
9,57
NA,NA
8,34
7,25
2,60
6,30
7,39
NA,53
7,20
8,41
4,23
5,81
8,56
6,41
8,49
4,60
NA,25
10,30
6,52
5,NA
6,47
3,NA
5,32
10,60
7,29
7,89
10,25
8,26
1,31
8,82
4,21
3,25
1,58
3,66
8,59
6,58
8,33
5,69
6,30
9,72
7,NA
7,NA
3,39
6,59
8,65
2,69
1,31
8,74
8,58
4,25
3,50
3,NA
1,NA
2,52
7,58
NA,21
6,46
7,35
5,54
4,NA
4,NA
8,67
4,54
5,42
3,29
6,NA
4,NA
8,25
8,26
NA,NA
8,27
6,33
NA,NA
9,26
8,69
3,33
10,23
7,79
10,63
6,80
7,79
9,NA
4,66
NA,86
7,89
3,64
5,25
4,37
8,67
8,67
10,31
7,66
7,32
NA,NA
8,45
7,65
8,NA
3,56
8,80
8,33
8,24
6,33
NA,42
9,36
4,27
6,22
7,25
7,49
5,63
6,57
7,27
7,43
6,26
8,64
6,65
7,59
7,NA
9,NA
NA,NA
7,32
5,62
5,24
8,45
NA,63
7,64
8,59
3,58
7,66
6,43
8,30
10,31
5,47
7,47
9,38
10,NA
7,NA
7,41
1,27
4,25
NA,26
5,33
6,NA
6,NA
5,52
7,90
8,75
8,79
7,75
NA,19
5,59
NA,NA
NA,68
NA,NA
4,NA
3,43
9,67
NA,25
5,75
NA,NA
8,NA
6,46
4,64
8,65
7,49
6,64
9,61
10,32
8,25
8,28
7,61
8,66
5,50
1,60
6,44
NA,28
5,NA
7,NA
5,62
8,27
8,28
6,23
7,62
3,26
8,68
5,32
1,71
9,71
4,64
6,42
NA,28
7,42
7,30
8,26
6,68
9,60
5,47
NA,63
NA,18
4,49
NA,23
8,62
2,43
5,52
NA,NA
8,NA
8,85
8,32
NA,64
NA,44
NA,NA
5,53
7,28
9,54
3,42
5,NA
6,61
3,28
8,56
8,71
6,47
10,37
NA,31
10,81
5,60
NA,80
6,33
3,NA
8,61
NA,NA
5,65
7,52
7,26
5,49
7,31
1,53
7,NA
7,NA
6,30
6,NA
4,25
3,NA
4,50
6,NA
9,NA
10,65
8,NA
8,30
NA,66
9,58
8,62
NA,45
7,44
7,30
5,64
8,49
8,28
8,32
3,64
NA,43
NA,61
8,48
8,58
8,59
8,63
2,NA
8,22
8,65
NA,29
6,36
1,25
3,56
10,42
9,28
NA,57
3,47
8,30
3,28
8,60
7,57
5,56
5,31
8,60
5,26
8,45
5,26
8,32
9,25
7,27
8,34
3,62
NA,32
5,30
9,63
10,25
NA,18
NA,33
6,22
10,51
6,42
6,46
8,64
8,58
7,46
7,28
7,45
8,65
9,36
8,37
NA,30
NA,47
9,72
8,70
5,78
7,61
3,25
8,69
7,62
7,33
NA,77
8,76
5,45
8,51
3,40
4,25
8,80
3,23
6,52
NA,37
6,36
2,28
NA,48
4,78
7,50
7,24
NA,18
5,64
5,62
7,63
9,30
NA,34
8,71
5,35
NA,18
NA,37
7,21
NA,59
5,59
1,30
8,20
6,40
8,37
8,66
8,49
5,74
6,33
9,34
8,82
8,23
6,56
9,62
2,39
NA,77
6,36
8,32
6,63
1,20
8,NA
9,28
8,72
10,28
8,73
6,37
7,33
5,NA
6,NA
7,66
NA,71
8,71
7,64
5,74
5,80
2,17
7,29
9,65
6,25
3,32
7,61
3,23
4,16
5,34
9,62
7,66
1,35
7,55
7,28
4,58
9,82
5,28
1,18
10,20
8,43
NA,19
7,29
10,89
7,30
8,29
6,50
7,57
NA,NA
10,32
8,61
NA,37
7,64
5,46
10,52
5,50
9,28
2,26
10,25
NA,36
8,58
NA,38
9,44
NA,73
NA,37
4,61
7,26
4,61
8,53
NA,26
7,23
8,76
NA,58
NA,41
5,28
8,70
4,60
5,40
1,51
7,38
6,62
9,59
8,NA
8,67
8,NA
10,39
8,75
8,46
NA,25
3,45
6,43
8,41
2,60
1,53
4,76
8,27
NA,NA
8,39
7,62
NA,59
5,31
4,67
6,24
NA,56
3,25
8,29
10,81
9,30
8,75
7,75
4,61
7,47
6,30
6,35
9,71
1,53
8,33
9,58
7,59
7,57
10,31
5,21
7,17
8,53
6,42
NA,NA
6,65
8,NA
6,30
9,58
2,34
8,38
8,34
7,53
8,36
4,24
5,57
NA,NA
NA,18
7,NA
NA,NA
7,27
8,36
7,30
8,68
NA,45
7,68
3,70
6,46
8,33
8,50
6,28
NA,56
5,26
7,26
6,20
6,28
6,27
6,65
NA,61
10,64
8,19
9,23
4,45
10,35
5,33
4,23
5,47
5,22
3,73
8,27
NA,41
6,54
2,NA
6,NA
1,35
10,30
6,39
7,68
6,28
6,27
8,76
NA,NA
4,53
9,25
NA,26
NA,69
2,32
5,28
NA,30
7,24
8,33
8,76
7,59
10,22
5,51
8,45
2,52
9,33
6,27
9,92
6,25
NA,31
NA,77
NA,70
5,84
1,60
6,NA
5,50
6,NA
NA,18
NA,75
8,70
NA,83
10,30
3,53
3,57
5,23
7,64
NA,65
NA,64
7,38
7,36
8,57
NA,65
8,19
6,49
NA,43
8,65
7,61
NA,59
NA,NA
7,66
3,58
5,31
NA,75
5,60
NA,30
3,44
4,68
8,41
8,40
4,25
NA,30
5,62
NA,68
7,29
5,72
NA,46
NA,30
NA,46
9,47
3,30
7,62
7,38
10,60
5,41
NA,34
4,23
NA,19
6,33
5,71
8,45
4,24
10,22
8,30
9,34
8,33
9,74
NA,28
7,30
1,63
7,44
NA,NA
9,NA
8,NA
6,28
4,NA
5,NA
8,NA
8,60
NA,NA
4,40
9,66
7,43
NA,75
NA,47
5,35
7,66
9,39
5,31
8,44
4,55
NA,55
4,22
5,25
7,85
3,20
6,58
5,33
1,40
NA,19
9,22
3,70
1,51
NA,51
7,22
4,18
8,70
7,26
NA,51
6,67
6,31
NA,NA
7,30
NA,NA
9,63
10,NA
9,70
7,44
NA,NA
8,34
7,33
6,32
9,69
1,53
3,42
10,24
7,51
5,30
3,39
3,70
NA,39
NA,NA
10,37
8,56
NA,72
6,35
NA,43
5,51
NA,67
7,55
7,25
4,46
6,60
3,27
9,21
7,45
4,29
7,79
8,NA
NA,NA
NA,49
7,20
7,50
7,25
10,34
7,74
10,NA
9,NA
9,69
6,22
10,NA
10,NA
7,30
3,23
1,NA
7,57
NA,20
7,32
9,64
7,62
NA,57
6,28
4,27
NA,60
7,61
7,36
7,82
NA,18
9,73
7,69
6,23
3,63
10,73
10,62
4,65
NA,25
10,27
NA,26
5,32
7,69
5,22
3,74
9,41
NA,23
9,39
7,20
4,80
7,42
6,24
9,71
8,60
6,NA
5,NA
7,57
8,NA
5,73
7,30
1,67
8,62
7,68
4,48
8,64
8,32
NA,31
5,27
7,39
NA,50
7,63
NA,27
4,26
2,69
NA,NA
2,24
10,22
NA,43
10,31
8,40
1,69
3,58
4,16
5,64
5,45
NA,NA
7,37
5,52
NA,NA
2,NA
5,34
8,55
3,NA
7,NA
3,62
NA,21
9,61
6,63
NA,38
6,26
9,20
7,26
4,NA
4,NA
6,58
2,51
5,24
7,60
7,57
7,48
4,66
NA,56
7,79
NA,24
7,37
8,26
8,30
6,25
3,50
5,58
7,38
6,42
2,51
NA,45
8,67
6,51
3,32
5,28
NA,57
9,33
7,40
5,64
6,28
NA,25
2,28
6,63
7,42
7,30
7,67
2,65
5,77
NA,78
10,49
6,69
7,28
4,18
4,58
3,64
5,27
NA,38
1,52
7,35
6,29
6,63
3,23
6,31
8,62
5,28
4,26
6,47
8,31
9,NA
9,NA
6,80
NA,77
NA,70
NA,68
7,35
NA,32
8,61
NA,59
NA,NA
7,20
8,48
4,77
4,26
7,66
6,51
5,59
8,23
10,57
8,59
8,32
10,62
NA,64
8,79
4,34
5,30
NA,61
2,53
8,NA
5,NA
5,32
5,77
5,59
8,39
NA,79
8,76
NA,46
6,60
4,26
7,59
4,32
7,64
8,NA
5,36
6,20
5,43
8,41
10,63
NA,64
7,28
8,60
10,NA
10,NA
10,68
7,76
8,58
6,25
10,41
6,26
NA,18
7,64
6,43
5,36
NA,NA
1,54
5,24
5,45
7,67
6,45
NA,50
7,32
6,26
5,87
NA,72
5,55
7,28
6,23
10,NA
4,72
7,63
6,40
10,32
NA,27
NA,67
3,NA
6,29
3,37
NA,61
NA,75
3,NA
8,67
1,31
NA,45
NA,NA
7,31
NA,54
8,63
8,34
NA,61
7,62
NA,70
7,52
8,54
7,46
5,27
3,21
8,58
3,74
1,40
5,57
6,62
5,79
8,42
7,36
NA,52
8,32
7,30
8,NA
7,NA
7,73
8,86
6,53
9,NA
5,NA
6,33
3,69
10,63
4,60
9,63
NA,55
3,51
3,NA
6,49
6,NA
6,53
5,34
5,28
5,32
10,25
4,60
8,28
7,70
7,NA
3,NA
4,23
9,64
8,27
8,70
4,25
1,67
NA,57
9,17
1,46
3,24
NA,35
7,61
4,76
8,71
7,68
NA,46
7,48
NA,62
6,52
3,30
6,25
8,35
NA,21
4,25
NA,29
9,70
10,24
4,54
8,38
8,33
6,23
6,30
6,NA
4,62
7,NA
3,42
NA,NA
3,33
5,78
9,52
8,NA
8,NA
8,83
4,30
6,46
8,59
4,28
NA,55
7,79
7,45
10,46
6,39
7,39
4,23
8,44
7,19
NA,NA
2,26
8,37
NA,NA
1,51
8,70
4,25
7,38
4,68
7,62
7,58
5,44
6,56
10,58
5,38
6,61
4,35
5,40
5,53
7,25
8,20
3,30
6,55
3,54
1,56
4,61
4,34
3,25
3,48
7,26
7,35
7,27
8,52
7,32
7,68
7,34
8,32
3,57
1,73
2,20
7,NA
7,NA
8,36
8,28
6,42
8,63
7,36
5,NA
4,NA
3,64
1,31
7,48
7,50
10,49
7,60
8,65
5,20
5,26
9,65
7,49
NA,24
4,56
1,36
2,25
6,64
10,32
9,70
NA,58
8,36
5,30
7,39
NA,39
6,53
6,33
1,51
5,49
8,68
8,NA
10,NA
7,67
6,69
3,63
4,46
5,32
7,63
7,34
8,68
9,31
10,43
5,NA
7,73
6,37
NA,25
8,31
4,40
5,20
7,25
1,45
9,73
NA,NA
7,NA
8,34
7,63
8,52
7,NA
8,NA
6,21
1,55
8,29
5,86
NA,62
6,26
6,66
7,76
10,80
10,52
7,59
5,64
8,33
5,26
3,57
8,73
5,25
8,24
5,26
3,27
7,61
5,46
NA,22
5,21
NA,26
5,40
10,26
9,48
5,38
5,66
6,26
6,77
8,28
5,49
NA,53
8,70
6,69
NA,60
9,24
8,43
8,67
5,NA
8,NA
7,22
8,42
1,60
7,40
5,26
7,58
4,45
4,60
5,48
5,24
6,27
2,21
1,33
3,26
5,82
8,33
2,42
NA,18
5,28
10,33
9,NA
8,NA
8,57
10,39
5,60
8,26
5,25
8,40
NA,44
1,58
NA,61
6,46
8,75
NA,32
NA,NA
8,39
8,75
8,71
6,53
4,49
7,40
5,52
4,25
8,50
6,70
10,20
8,75
6,47
7,75
5,NA
7,55
8,37
9,43
7,33
4,25
1,23
4,29
NA,NA
1,33
8,39
NA,34
9,41
7,30
5,31
NA,23
6,26
NA,63
10,33
9,45
2,30
4,60
3,41
9,28
NA,NA
NA,73
8,71
8,35
9,61
9,24
5,21
5,70
7,66
7,20
6,56
10,54
7,32
9,NA
2,81
NA,24
6,22
8,33
9,61
10,20
5,29
6,25
NA,NA
7,NA
6,53
NA,34
7,28
7,28
7,67
6,22
5,29
1,31
NA,32
5,30
6,18
9,69
6,63
7,69
8,60
10,72
8,82
8,48
5,NA
3,37
3,NA
9,68
9,26
7,71
9,62
8,28
NA,36
7,27
5,28
NA,59
7,NA
6,52
8,NA
5,61
9,27
4,70
NA,74
7,55
6,30
NA,58
7,71
5,NA
7,NA
4,55
10,63
NA,30
7,27
8,27
9,35
8,52
9,45
3,56
10,55
8,20
6,25
3,40
2,58
5,46
3,60
1,55
10,40
5,57
5,34
8,69
5,51
8,29
10,74
8,68
9,33
7,73
4,30
NA,65
3,25
4,21
5,79
4,24
NA,38
2,62
9,34
NA,50
6,30
8,55
6,38
8,71
8,27
8,67
4,30
NA,39
8,81
5,28
7,59
6,60
3,48
NA,NA
9,49
5,41
7,69
7,25
5,47
5,30
4,34
9,62
2,59
8,74
4,47
4,31
9,NA
7,NA
5,73
8,68
8,65
7,32
7,NA
5,41
8,32
5,28
6,68
8,24
NA,71
7,66
5,53
7,32
5,38
8,30
5,26
7,80
NA,NA
7,59
6,34
8,54
8,58
7,55
NA,20
3,25
NA,36
1,45
7,62
8,30
5,69
NA,28
8,31
3,23
9,32
7,65
4,18
NA,68
4,33
6,58
NA,65
4,57
NA,50
4,64
3,64
8,NA
7,25
7,NA
10,27
5,21
7,33
7,59
4,21
8,18
4,37
NA,77
1,31
NA,40
1,56
2,NA
2,NA
9,70
6,22
NA,NA
8,72
NA,25
4,25
8,24
6,70
NA,NA
NA,25
NA,69
8,63
NA,63
NA,79
NA,26
8,66
NA,77
NA,54
NA,33
NA,26
NA,32
7,71
NA,45
5,NA
8,58
5,31
8,33
5,32
8,32
8,64
8,54
8,25
6,52
NA,53
NA,57
3,66
8,31
6,NA
6,NA
3,45
6,46
1,NA
1,NA
1,30
NA,48
10,77
10,NA
8,35
5,34
7,79
6,25
5,78
2,45
9,NA
4,60
5,70
1,61
5,33
4,23
7,49
7,62
8,26
8,45
NA,68
5,25
8,48
3,36
2,56
6,64
5,63
7,31
NA,35
NA,23
7,65
5,30
7,71
7,59
6,48
5,25
6,53
9,80
10,39
5,NA
7,NA
5,73
NA,18
6,23
8,63
10,25
2,38
8,31
9,61
2,35
3,32
7,60
6,23
9,24
8,53
NA,61
6,27
8,50
6,54
9,39
1,25
NA,50
6,35
8,60
NA,61
7,62
10,25
6,33
6,18
6,86
8,56
10,39
8,91
6,29
NA,NA
3,NA
1,NA
5,25
6,25
3,58
NA,23
7,21
6,73
8,57
7,NA
7,49
3,57
NA,69
8,70
3,NA
5,65
4,69
8,52
2,25
2,50
7,63
7,39
NA,NA
5,NA
1,57
2,NA
2,NA
6,25
4,34
NA,69
1,36
5,28
6,71
5,25
5,69
8,27
4,28
9,62
6,60
6,NA
8,NA
8,51
NA,NA
5,28
NA,NA
5,26
9,65
9,36
4,64
4,66
3,20
8,66
9,66
10,30
2,53
8,40
5,62
5,65
NA,62
9,70
5,57
7,31
6,63
7,62
1,33
NA,35
5,29
NA,25
6,51
4,30
8,22
NA,18
NA,NA
9,63
4,30
10,31
6,46
6,28
6,86
9,84
2,59
10,57
3,60
7,28
NA,30
NA,68
6,75
9,66
NA,30
4,39
6,26
7,28
3,64
8,26
4,22
2,32
NA,NA
NA,NA
5,53
5,NA
5,49
7,NA
NA,39
3,51
9,38
6,26
NA,64
NA,27
8,35
2,51
8,37
7,50
8,73
5,31
7,NA
8,62
8,NA
7,32
8,40
6,58
3,28
8,NA
5,NA
10,52
NA,48
5,31
NA,25
NA,74
2,29
4,64
4,29
9,65
1,29
6,36
NA,66
NA,NA
NA,84
5,65
8,61
1,54
6,75
4,53
7,70
7,37
6,80
9,71
7,43
7,61
3,65
7,56
NA,31
7,32
7,NA
5,28
6,34
9,49
7,69
8,27
6,33
2,63
8,60
7,67
6,31
7,82
8,NA
8,NA
8,42
8,71
6,NA
9,NA
7,NA
8,NA
8,NA
7,78
3,63
NA,66
NA,73
NA,NA
NA,75
4,76
NA,62
NA,53
1,20
1,52
NA,48
6,53
10,40
4,53
9,65
8,23
NA,NA
6,24
NA,19
NA,18
9,26
10,72
6,62
7,43
NA,54
NA,55
8,59
5,43
8,42
7,50
9,58
10,30
9,20
8,34
8,45
5,48
5,28
5,24
8,55
8,27
7,56
5,43
8,40
4,29
8,26
NA,83
6,30
6,NA
6,NA
8,56
1,60
8,68
7,26
NA,71
4,32
10,20
5,25
3,62
3,63
5,60
NA,45
7,30
6,26
1,36
4,18
8,85
8,NA
9,NA
7,73
NA,NA
3,64
7,33
4,NA
4,NA
7,22
9,57
6,40
NA,23
2,50
NA,40
1,19
6,33
NA,NA
2,49
8,20
7,28
9,28
5,58
8,73
NA,42
4,36
9,67
7,33
5,24
5,25
NA,50
NA,68
8,60
8,65
6,60
5,26
3,37
5,NA
4,NA
NA,45
8,51
6,NA
6,NA
8,67
7,28
6,60
5,27
5,29
4,48
7,32
5,23
8,60
6,51
7,65
7,NA
9,NA
7,31
5,56
3,25
3,35
8,85
7,33
6,37
2,NA
5,65
8,22
NA,30
4,55
8,44
10,22
3,58
7,33
NA,71
2,62
7,49
4,51
6,53
6,71
5,25
NA,38
5,46
9,22
NA,75
3,NA
8,27
6,40
5,69
7,71
NA,33
7,26
1,42
5,20
1,22
3,25
10,35
3,63
7,NA
7,39
4,NA
NA,34
8,78
7,57
8,25
6,54
7,NA
3,55
NA,49
5,67
8,48
4,65
NA,40
1,64
8,41
7,32
7,23
3,23
8,35
7,51
10,71
5,28
4,71
NA,44
6,59
8,21
7,54
8,69
NA,32
NA,65
7,65
8,NA
8,68
7,45
8,24
9,66
7,74
7,62
10,34
8,21
NA,57
3,75
5,34
5,25
7,27
5,19
7,68
7,28
NA,NA
7,47
7,65
8,38
2,NA
4,43
NA,NA
NA,55
1,89
5,26
9,58
7,25
NA,36
8,82
8,NA
7,NA
NA,NA
6,NA
7,32
NA,69
7,32
5,67
9,57
6,49
5,35
1,33
7,30
NA,57
4,31
1,49
NA,NA
NA,NA
10,63
9,23
9,86
4,36
7,55
8,57
NA,25
6,39
10,24
10,NA
10,NA
10,41
5,34
9,61
7,72
7,51
4,75
8,50
8,62
4,19
5,58
7,57
NA,21
5,60
10,72
NA,66
NA,67
NA,NA
3,66
8,41
7,55
5,53
7,48
8,69
6,68
NA,60
5,66
NA,37
7,35
NA,28
NA,61
7,37
10,25
NA,52
7,34
8,56
NA,36
NA,75
3,38
6,42
10,76
8,43
1,47
NA,42
9,62
5,28
5,24
9,NA
7,70
1,64
NA,24
8,37
6,69
9,59
7,29
8,57
4,18
6,29
6,60
3,59
NA,28
9,34
4,67
NA,32
8,63
8,81
6,29
8,23
5,16
8,30
4,52
9,67
7,71
7,27
NA,21
6,30
8,35
8,66
NA,NA
7,59
1,79
7,39
6,30
6,NA
9,NA
7,76
7,69
7,62
3,40
8,33
NA,68
9,56
8,66
NA,NA
3,NA
NA,64
NA,37
5,65
7,22
3,23
10,74
6,55
NA,24
NA,NA
2,43
NA,30
7,29
4,32
8,50
NA,NA
8,55
7,25
8,67
3,31
NA,NA
10,21
8,63
6,26
NA,38
7,41
3,37
6,51
2,27
7,NA
5,NA
5,19
1,33
7,24
1,22
9,59
NA,28
7,60
6,71
8,20
7,61
5,40
6,28
9,NA
8,NA
7,45
6,34
6,28
10,29
NA,NA
4,18
1,58
6,74
7,26
8,66
NA,54
10,NA
10,63
NA,NA
NA,31
5,23
5,55
6,NA
5,NA
7,30
5,28
3,47
6,75
7,NA
7,NA
7,18
8,55
NA,68
6,25
8,25
4,35
10,61
7,41
8,34
7,26
2,76
6,70
2,59
7,37
5,60
NA,45
5,77
3,54
7,41
NA,51
9,29
3,51
8,67
NA,33
NA,69
4,70
3,66
6,83
9,37
5,68
5,NA
5,NA
8,30
5,69
10,28
8,23
4,34
5,26
6,33
6,65
2,28
4,40
9,69
7,21
6,40
4,50
NA,91
5,52
10,55
8,78
NA,29
5,58
1,69
4,71
2,36
1,25
1,30
3,42
4,NA
10,64
8,26
5,28
10,38
3,NA
1,34
NA,NA
7,55
5,26
10,35
NA,84
3,54
2,41
9,77
6,63
7,59
7,50
1,59
3,28
7,51
4,25
8,39
NA,56
7,36
10,31
NA,NA
4,82
7,24
NA,NA
NA,36
4,19
5,54
8,23
6,72
6,61
3,20
8,76
4,50
8,25
6,70
NA,63
10,26
5,37
5,52
5,64
8,59
4,67
7,71
9,40
10,25
7,65
9,73
7,67
NA,58
6,71
NA,NA
NA,20
9,63
6,24
6,35
3,27
8,32
1,60
5,68
4,73
NA,NA
9,28
5,84
8,26
6,61
8,60
5,27
8,64
8,46
NA,NA
10,32
8,19
NA,54
7,39
9,61
NA,35
8,30
NA,NA
NA,20
NA,29
NA,66
5,44
2,24
NA,69
6,68
NA,30
NA,52
5,28
NA,80
6,61
6,30
6,31
5,74
NA,32
NA,39
7,58
10,27
2,40
NA,78
10,27
4,26
9,64
3,60
1,62
8,42
9,54
6,NA
5,NA
6,45
4,51
6,30
NA,23
NA,19
NA,58
8,NA
8,NA
7,19
3,66
5,75
NA,45
NA,49
6,70
5,34
7,27
NA,33
5,30
5,38
7,33
7,56
7,74
NA,57
10,34
1,30
NA,55
8,56
10,76
3,33
5,50
NA,45
8,65
8,61
6,46
9,25
NA,22
5,28
5,35
NA,24
NA,55
9,28
6,37
10,36
8,36
10,35
8,26
NA,41
NA,NA
3,30
NA,50
7,74
NA,17
3,33
7,53
4,52
10,25
9,47
1,58
2,75
1,32
8,60
4,71
1,66
3,52
5,51
6,62
4,34
4,32
6,32
NA,34
4,84
4,18
7,52
5,38
NA,20
7,28
8,35
5,65
6,44
3,38
8,47
7,78
2,24
NA,27
8,NA
8,39
8,NA
8,50
10,82
6,31
7,28
7,27
1,45
8,54
6,41
4,30
7,76
NA,30
7,28
1,70
6,36
6,32
NA,58
7,71
7,23
1,31
7,65
10,57
NA,53
4,62
NA,24
1,47
3,NA
2,NA
9,30
6,76
6,50
8,43
5,38
3,64
6,66
7,NA
7,NA
6,33
8,44
5,72
4,32
9,41
NA,NA
7,38
3,32
9,36
10,76
8,28
7,72
NA,19
7,40
3,NA
1,NA
1,52
4,64
6,59
10,48
10,NA
10,74
10,NA
2,25
4,25
4,67
5,63
4,30
2,35
7,29
10,32
1,61
9,30
8,32
NA,54
7,55
7,84
7,63
NA,NA
3,24
NA,37
10,63
7,26
7,65
7,28
5,25
10,82
10,30
8,16
10,25
8,70
5,29
7,70
5,66
NA,NA
NA,57
10,25
NA,54
NA,NA
NA,51
5,30
8,46
10,33
4,60
10,76
5,31
2,28
4,18
7,77
8,32
7,21
NA,32
7,28
5,42
8,70
7,34
NA,86
NA,NA
10,35
7,25
8,68
6,60
9,23
8,62
NA,65
5,40
10,40
7,57
5,79
NA,NA
8,29
6,38
NA,66
6,47
6,28
8,54
9,64
8,67
5,28
NA,75
8,62
NA,68
7,40
5,24
4,69
8,73
6,24
6,78
10,81
9,29
9,30
NA,23
NA,36
8,68
6,35
NA,NA
6,46
10,32
8,36
2,72
2,65
9,68
4,47
5,55
5,84
6,69
NA,23
8,42
6,34
6,35
5,68
9,31
8,27
9,77
8,23
10,61
NA,NA
5,43
4,60
1,40
7,56
5,36
7,46
9,69
NA,41
2,71
8,43
7,59
1,44
8,36
9,67
6,26
3,46
5,NA
8,34
NA,NA
8,71
7,36
NA,NA
7,72
6,NA
4,54
8,35
2,32
8,56
8,68
5,44
8,38
9,76
9,62
8,29
5,28
6,62
5,74
NA,30
7,58
6,32
8,50
8,34
2,17
5,61
7,25
7,34
9,36
7,61
6,NA
NA,NA
7,20
7,52
4,54
6,NA
4,NA
1,68
NA,NA
7,57
NA,35
8,36
NA,NA
10,35
8,NA
6,65
9,NA
4,80
2,56
5,74
5,28
10,39
7,61
10,36
7,35
9,18
5,18
10,63
5,75
2,31
8,64
4,22
NA,43
3,42
5,20
6,69
5,61
NA,21
7,68
4,21
10,20
9,72
10,49
7,49
5,23
2,65
3,33
6,58
8,29
7,67
NA,34
8,30
8,51
6,30
9,33
NA,33
8,30
8,61
8,34
4,56
9,82
3,35
3,63
10,29
NA,61
NA,62
7,64
10,81
5,55
4,53
8,58
8,29
7,NA
8,75
NA,78
8,57
10,78
5,56
4,39
1,60
6,39
NA,NA
5,20
NA,45
8,18
4,23
9,70
6,29
7,35
9,52
4,41
6,28
NA,61
2,72
NA,63
6,37
8,61
NA,33
3,78
9,70
NA,34
3,58
NA,33
5,49
NA,57
NA,NA
9,NA
7,49
5,72
7,NA
5,NA
9,73
4,30
7,39
7,23
2,23
7,76
8,68
7,NA
NA,NA
8,81
4,63
NA,NA
3,61
3,32
7,66
6,24
4,50
4,63
3,NA
4,NA
NA,39
7,84
7,53
8,61
8,NA
8,NA
10,73
5,60
8,71
8,60
6,18
NA,51
6,NA
3,37
5,NA
NA,37
6,26
8,78
6,33
1,65
8,62
5,35
7,55
7,83
NA,68
1,65
8,47
7,27
NA,NA
8,34
7,82
NA,31
8,32
5,40
2,55
1,63
5,66
9,NA
9,NA
7,32
8,43
4,55
8,40
10,59
7,35
1,33
NA,39
7,44
NA,NA
7,39
9,NA
6,NA
7,42
NA,63
6,NA
4,40
6,NA
7,50
4,18
6,NA
9,54
4,56
7,28
4,NA
6,NA
5,49
7,42
4,22
5,19
6,21
9,33
4,NA
9,36
4,37
4,18
5,28
4,36
NA,59
4,66
6,59
4,36
1,52
10,33
5,88
6,28
7,29
7,30
5,62
6,NA
6,NA
3,31
3,25
3,69
7,24
6,40
5,29
8,26
1,34
8,67
6,28
1,26
5,78
NA,57
8,35
2,45
8,45
6,30
NA,30
4,64
3,19
4,46
1,NA
2,16
3,NA
9,61
8,32
8,77
3,21
NA,54
1,40
7,52
NA,42
2,65
1,68
5,35
3,39
2,30
10,26
6,67
1,29
10,61
2,69
NA,54
5,54
6,32
1,65
8,32
1,70
2,36
5,57
4,37
4,50
5,63
NA,NA
10,43
7,47
8,29
8,59
6,39
7,72
NA,70
NA,67
6,36
5,21
9,63
6,30
8,61
3,33
3,54
8,73
NA,35
NA,62
NA,32
7,67
NA,73
5,30
3,24
4,42
5,86
7,32
3,28
5,47
5,62
9,58
8,29
8,58
8,26
7,20
8,61
5,42
NA,42
8,45
3,53
8,23
8,18
NA,31
NA,73
9,72
2,34
8,30
10,53
NA,70
NA,53
7,61
3,22
NA,22
6,23
3,48
NA,20
7,67
5,42
5,57
NA,74
6,28
7,32
9,71
10,27
NA,40
9,57
8,53
5,54
6,66
5,23
6,47
10,29
4,68
10,60
8,84
9,62
10,30
8,72
NA,49
NA,NA
1,32
10,30
3,45
6,32
7,85
5,20
NA,74
1,64
8,60
NA,NA
6,31
NA,NA
8,56
8,39
9,79
1,46
8,52
8,72
NA,30
7,21
NA,83
7,71
4,52
10,66
7,36
4,38
8,69
5,73
4,45
5,56
10,44
3,43
NA,30
9,28
4,24
NA,32
5,35
7,NA
7,NA
3,57
NA,NA
3,29
7,58
6,70
7,51
6,41
9,71
5,56
3,41
5,77
6,58
4,62
5,51
NA,50
5,64
4,28
5,24
7,43
8,67
8,85
5,67
5,59
10,50
NA,33
5,NA
5,NA
4,69
NA,22
9,67
8,29
7,61
7,41
10,36
7,64
NA,32
7,75
7,29
8,62
4,79
6,44
4,36
10,34
5,64
2,23
5,40
6,62
2,58
4,35
6,35
8,36
6,26
5,38
1,64
10,36
4,67
9,75
6,66
5,47
6,30
6,50
6,NA
8,NA
7,43
6,32
9,54
5,68
9,22
10,32
7,39
8,24
6,52
NA,55
7,29
6,25
5,40
7,57
NA,29
5,37
5,NA
5,35
4,25
8,69
4,75
3,25
NA,85
1,76
9,75
9,79
8,33
7,57
7,79
5,58
8,35
4,53
5,49
3,60
5,28
3,60
9,57
5,23
8,22
7,23
1,25
6,70
5,57
NA,NA
6,37
8,69
2,69
3,67
8,82
6,31
NA,68
6,65
8,32
10,79
10,72
7,61
NA,49
10,32
7,38
9,NA
5,NA
6,17
NA,NA
10,31
8,19
7,42
NA,56
5,59
NA,64
8,42
6,33
7,30
5,28
7,NA
7,34
5,46
1,25
9,28
4,53
7,35
10,18
6,42
4,23
3,NA
2,NA
4,47
9,24
5,30
2,36
4,32
10,67
8,58
4,38
NA,24
5,37
6,78
6,60
NA,27
7,67
9,71
NA,59
4,45
6,36
1,32
NA,65
7,53
7,NA
8,57
NA,73
8,17
NA,18
7,30
7,36
NA,NA
4,35
10,25
5,NA
7,NA
6,72
1,31
6,56
8,34
7,32
4,42
3,NA
6,NA
5,28
6,28
8,77
10,39
6,81
5,34
8,40
4,23
8,33
9,24
8,57
5,67
5,57
8,46
NA,43
3,24
NA,48
5,NA
9,40
2,NA
6,59
7,NA
6,NA
5,24
7,55
8,77
NA,75
1,52
7,74
9,76
9,72
3,61
5,31
7,62
5,29
5,59
8,32
8,68
7,25
7,35
8,73
8,30
7,76
10,32
10,79
8,60
9,42
NA,35
NA,66
2,30
9,89
6,58
6,NA
7,NA
8,33
6,NA
7,NA
8,21
7,NA
9,NA
7,55
8,76
4,61
9,66
NA,37
6,55
NA,26
7,87
6,32
5,28
8,NA
5,60
7,44
7,NA
7,NA
6,NA
8,72
8,NA
3,50
8,73
7,82
6,28
3,49
NA,56
NA,63
10,30
5,51
8,78
4,35
1,61
5,65
NA,77
8,58
6,60
7,51
8,47
5,70
6,82
7,56
NA,39
8,79
7,22
NA,45
5,63
6,44
NA,30
8,25
8,61
6,19
7,NA
6,NA
7,37
NA,56
NA,NA
4,32
6,63
7,36
5,39
6,67
10,37
6,28
6,32
6,30
NA,63
10,69
2,37
9,61
NA,51
6,78
NA,24
10,47
2,47
NA,65
8,50
1,66
7,39
4,67
10,31
7,34
NA,37
4,69
NA,40
4,31
7,49
NA,NA
8,69
7,21
6,32
6,NA
NA,43
NA,33
6,65
7,54
9,69
8,67
7,64
NA,72
8,39
8,25
4,34
10,36
NA,NA
NA,30
5,52
NA,24
5,30
3,32
6,56
5,38
8,30
2,24
9,53
9,77
NA,25
3,72
5,63
2,45
3,43
10,28
7,70
8,73
5,60
NA,NA
10,22
NA,79
5,23
7,68
NA,59
7,26
8,56
7,27
8,36
8,NA
8,NA
7,43
8,NA
9,61
8,63
4,61
5,23
8,73
10,84
8,72
10,30
NA,18
5,80
2,29
7,30
NA,22
6,24
5,32
NA,25
5,72
6,35
6,59
10,26
8,56
NA,55
1,61
5,59
7,57
6,30
5,30
10,40
7,48
4,60
10,65
5,40
2,73
7,70
NA,18
6,28
NA,62
NA,38
10,62
4,21
7,63
9,47
10,66
7,45
5,41
5,22
7,25
5,30
1,39
8,67
9,36
1,49
NA,53
3,68
6,38
NA,25
9,75
4,NA
5,45
NA,62
7,34
5,20
2,67
1,74
8,35
8,63
3,44
5,73
3,41
5,62
9,26
7,57
8,60
9,81
NA,26
2,34
8,36
9,29
7,63
10,68
9,51
8,33
NA,55
7,76
10,57
7,NA
6,NA
4,76
9,75
7,35
7,36
NA,NA
6,33
10,34
9,63
NA,21
7,28
8,73
3,59
7,59
5,31
8,55
3,NA
4,71
3,NA
8,33
4,66
NA,26
NA,23
4,53
6,68
9,81
6,51
2,34
9,70
7,75
8,65
3,28
6,23
6,60
7,72
NA,63
NA,31
5,71
NA,45
NA,52
8,42
10,69
2,56
6,43
NA,77
3,30
4,18
NA,56
8,20
6,52
8,28
NA,61
10,22
4,39
8,39
6,38
NA,57
7,58
1,24
4,21
NA,NA
7,35
5,74
7,NA
3,23
2,NA
NA,61
NA,18
4,56
10,NA
8,NA
NA,30
8,28
6,19
6,36
NA,NA
7,27
7,35
6,58
10,72
7,52
5,35
5,66
5,60
8,29
3,79
8,30
3,20
5,26
5,27
6,76
6,38
10,36
5,32
NA,55
NA,29
1,20
1,18
NA,66
7,40
10,77
8,NA
1,64
1,58
4,29
7,30
NA,91
10,66
7,16
NA,58
NA,NA
5,28
5,43
7,64
7,49
8,60
5,70
5,67
6,55
6,36
NA,76
7,65
7,75
2,25
7,61
7,NA
6,67
7,27
5,34
NA,72
4,63
7,66
NA,36
6,45
4,20
8,29
5,66
7,62
6,52
10,27
9,25
5,36
NA,60
NA,65
NA,76
10,32
4,24
10,36
8,91
5,35
NA,NA
6,33
4,20
7,49
NA,46
2,53
7,34
9,35
10,23
NA,30
NA,NA
8,45
9,55
5,46
7,30
8,60
1,72
1,50
4,63
6,38
10,40
5,38
NA,67
3,38
7,45
8,NA
8,NA
8,83
9,33
6,46
4,17
7,28
5,28
NA,18
9,20
NA,19
8,29
10,42
10,65
NA,63
2,51
1,70
2,55
8,39
1,32
5,48
8,34
5,63
5,59
6,56
8,81
NA,26
9,57
6,91
NA,64
7,35
NA,32
3,NA
8,71
6,85
9,NA
9,NA
6,64
5,75
10,71
6,63
9,28
1,69
6,69
5,24
8,60
NA,30
6,37
9,40
9,73
9,20
9,45
6,60
6,56
3,47
1,39
3,55
6,28
8,52
3,NA
7,NA
7,77
6,74
2,51
10,62
2,46
4,32
8,60
2,46
6,25
4,25
6,87
7,NA
8,NA
6,57
8,44
10,83
9,74
6,59
4,49
7,25
7,36
7,36
5,85
9,36
7,NA
5,40
NA,29
8,63
10,50
NA,72
5,73
7,57
6,42
5,51
10,29
10,NA
8,62
1,57
7,55
5,NA
1,74
5,NA
6,23
9,NA
10,NA
4,35
6,72
NA,68
8,27
2,19
NA,77
4,60
NA,57
6,42
8,31
5,39
NA,NA
6,29
8,45
3,32
NA,78
6,32
8,32
3,58
1,51
5,68
4,23
1,58
9,29
3,28
NA,60
6,32
6,59
8,31
8,62
10,54
7,41
6,62
NA,33
1,54
3,25
9,55
NA,18
3,NA
8,NA
9,44
3,21
7,35
7,30
1,25
6,60
7,20
2,NA
3,NA
6,25
10,54
5,35
7,61
6,50
9,64
8,24
1,71
6,39
7,20
9,59
6,54
10,59
7,29
5,72
6,58
10,73
5,29
6,61
7,23
NA,59
3,67
9,29
4,21
4,51
NA,28
6,25
NA,22
5,69
6,29
7,68
NA,54
NA,NA
NA,55
5,29
8,69
5,29
8,27
4,26
10,26
7,30
NA,31
NA,65
NA,32
7,66
6,28
7,35
7,31
5,63
2,35
5,28
7,55
6,38
8,17
NA,NA
1,57
6,71
NA,NA
7,38
NA,51
8,43
9,38
8,27
1,58
8,73
9,31
7,26
6,56
8,63
5,65
6,18
NA,28
7,41
6,60
7,NA
5,36
7,NA
NA,46
8,25
8,74
3,NA
3,NA
9,36
NA,65
8,30
5,64
5,49
6,22
4,74
6,59
5,56
5,35
8,60
NA,76
NA,74
7,32
6,40
7,30
NA,43
9,28
7,72
NA,25
5,48
5,75
NA,23
NA,NA
4,64
NA,30
7,62
2,25
8,61
8,29
2,81
5,58
6,52
6,54
8,29
7,21
3,33
8,66
NA,75
4,41
2,26
7,32
9,33
4,41
4,51
8,77
NA,NA
6,40
NA,83
6,25
6,49
6,64
4,64
4,NA
6,55
6,70
8,67
6,64
4,29
NA,NA
7,76
3,28
7,59
3,28
NA,70
10,20
6,27
7,28
NA,48
1,73
9,67
6,77
NA,35
5,21
7,76
8,23
10,22
5,64
5,26
10,20
2,54
9,53
5,54
6,40
1,58
NA,50
6,54
6,46
7,25
7,30
2,35
6,35
NA,64
4,52
5,57
NA,80
NA,NA
NA,77
8,38
4,23
9,77
9,36
7,26
10,24
8,29
7,50
3,44
NA,22
9,41
2,30
4,23
9,66
10,40
NA,71
8,62
5,46
8,62
6,69
8,26
NA,44
4,36
5,23
7,21
5,57
NA,30
5,43
6,37
8,49
8,58
8,NA
NA,36
NA,61
NA,58
6,69
1,60
NA,36
6,67
NA,30
4,62
NA,NA
6,74
5,33
NA,33
3,28
5,40
6,NA
7,NA
7,54
9,30
3,57
9,55
3,28
6,39
7,59
8,40
8,34
6,77
8,78
NA,75
8,64
6,26
10,38
10,46
8,63
NA,52
9,29
NA,59
8,53
10,52
1,76
5,41
5,26
9,25
NA,30
3,30
5,28
6,43
NA,NA
5,50
3,52
4,62
6,28
5,35
9,62
NA,28
7,32
10,NA
9,NA
9,82
5,61
1,40
8,35
3,54
NA,34
NA,NA
7,28
7,59
5,81
2,73
3,21
NA,28
3,30
7,65
8,NA
6,NA
5,27
8,50
7,25
4,NA
4,NA
2,27
7,43
NA,57
5,25
NA,67
7,28
9,74
7,74
6,25
6,71
8,76
6,63
7,55
9,54
NA,26
5,56
1,48
8,30
2,48
8,34
6,69
5,68
3,63
8,60
NA,31
7,61
1,51
8,26
NA,80
1,29
2,40
7,35
5,31
5,73
2,44
8,29
6,36
8,29
6,20
NA,40
7,67
NA,NA
5,54
7,26
8,44
8,62
2,50
NA,67
NA,60
NA,40
NA,43
5,39
NA,25
7,74
1,30
NA,80
7,67
8,72
3,34
5,58
5,28
7,22
9,38
7,34
8,41
2,48
5,62
4,33
1,41
7,41
10,19
9,65
10,61
10,66
5,52
8,52
5,45
3,62
8,33
7,40
3,23
6,76
8,28
9,55
8,32
4,42
2,24
NA,75
7,28
2,29
NA,70
4,27
10,33
NA,60
10,25
2,20
NA,44
7,23
3,58
5,38
8,30
9,25
8,28
7,23
NA,35
8,40
4,66
5,58
1,41
8,60
10,75
NA,56
6,50
6,22
4,30
NA,56
10,69
6,27
7,NA
5,NA
NA,61
3,24
NA,79
6,36
8,23
5,60
5,23
5,35
NA,73
NA,27
9,74
NA,NA
8,37
8,27
8,69
1,45
7,35
7,69
6,57
NA,22
NA,55
5,32
7,64
5,27
4,42
8,55
6,25
9,65
8,NA
8,56
9,NA
8,30
5,45
10,55
10,72
6,50
8,73
5,28
4,25
7,69
4,25
6,34
5,52
8,NA
7,NA
7,61
6,72
8,71
5,64
6,33
4,26
NA,56
NA,36
NA,NA
3,68
7,29
9,77
4,33
4,47
3,38
6,23
8,75
5,65
2,66
7,25
5,68
NA,NA
7,NA
7,74
7,21
NA,NA
6,24
2,73
4,30
NA,NA
4,75
NA,37
5,80
7,33
7,67
8,68
7,35
10,65
10,65
6,69
9,69
5,28
3,51
7,31
6,64
10,34
6,61
9,37
3,70
1,28
NA,27
6,33
3,61
4,NA
6,NA
6,75
3,59
3,34
10,34
5,26
NA,36
8,72
7,64
NA,35
5,32
6,27
8,23
NA,59
9,50
6,68
5,69
6,27
5,50
8,64
NA,67
5,33
8,55
NA,70
4,43
7,24
10,63
6,60
6,32
NA,NA
1,25
NA,25
NA,58
6,40
8,39
6,NA
7,NA
NA,46
5,21
7,30
4,68
10,41
2,52
1,41
NA,NA
6,28
3,37
4,24
5,18
1,57
5,69
NA,64
7,68
6,77
2,66
5,25
8,26
5,72
7,NA
3,35
7,64
NA,58
2,23
NA,17
6,28
6,34
4,57
7,25
1,51
6,32
4,62
7,36
3,54
NA,64
9,65
2,39
7,63
NA,72
8,34
NA,63
9,59
3,33
9,31
6,70
NA,29
2,54
8,59
NA,69
9,74
NA,63
8,39
8,51
NA,26
4,64
5,23
8,29
8,62
10,24
NA,NA
4,30
5,67
8,NA
8,NA
8,58
4,71
9,63
6,28
5,19
5,23
8,48
5,74
6,80
NA,50
6,25
7,76
6,25
8,54
2,51
5,36
NA,NA
NA,50
NA,NA
NA,42
7,58
7,18
4,24
3,58
5,61
7,35
6,66
7,52
8,41
4,25
7,43
NA,53
2,71
5,41
10,27
8,46
7,39
5,30
NA,33
5,35
9,75
4,48
8,79
7,51
5,71
7,25
NA,31
NA,NA
2,38
4,64
3,67
5,24
5,56
6,32
8,50
9,65
6,48
7,NA
7,75
10,59
NA,26
5,NA
7,NA
6,63
7,32
8,47
NA,69
8,55
6,68
7,42
2,30
NA,48
7,67
7,19
3,NA
3,NA
1,36
NA,37
4,33
NA,35
9,30
4,75
9,64
9,33
6,25
7,63
8,38
8,53
8,NA
7,NA
9,50
10,49
7,40
7,69
5,46
7,56
8,28
10,34
3,43
6,69
6,54
8,37
7,36
10,30
1,25
7,46
2,23
8,69
NA,34
8,23
4,28
5,25
6,32
NA,32
5,56
3,25
8,NA
7,35
5,69
7,NA
7,NA
7,76
NA,31
NA,43
10,30
NA,41
7,30
1,74
8,73
NA,72
10,21
8,23
6,24
5,40
NA,39
NA,NA
7,28
NA,NA
8,79
7,29
2,23
7,68
10,86
NA,33
3,73
9,16
4,26
6,45
7,59
NA,35
2,46
6,33
9,64
9,NA
10,52
3,NA
5,NA
5,35
4,25
8,67
5,26
5,61
4,49
8,52
NA,68
8,35
8,33
7,39
8,90
7,40
6,54
6,65
3,63
6,84
4,25
9,20
3,61
9,78
7,28
NA,22
NA,55
9,71
9,51
7,35
3,54
5,25
10,83
NA,47
3,23
NA,29
9,21
NA,NA
8,34
3,40
NA,88
7,27
NA,NA
8,81
5,22
9,26
5,32
1,73
10,55
7,25
9,44
5,28
7,73
NA,52
7,21
NA,44
NA,63
6,64
5,46
6,30
8,61
6,21
7,56
10,64
9,74
9,69
1,49
3,38
NA,74
7,69
NA,NA
10,22
8,77
4,65
6,32
2,62
7,74
1,39
9,67
NA,50
6,39
6,28
8,47
8,24
10,67
NA,59
10,64
8,32
6,64
NA,77
3,28
8,32
2,25
10,75
7,48
NA,63
NA,67
5,61
5,32
3,63
NA,64
8,65
8,67
7,66
6,36
7,53
7,70
4,49
5,70
3,20
NA,69
7,56
8,70
8,35
3,57
7,70
5,64
9,28
8,32
NA,35
6,64
7,72
8,30
6,54
4,63
3,53
NA,80
4,61
7,NA
7,NA
8,65
NA,30
5,42
3,NA
2,50
5,36
5,38
4,51
3,62
7,30
6,NA
8,NA
8,53
10,62
8,22
7,48
3,33
2,32
3,44
8,64
NA,70
1,39
NA,61
8,71
3,58
NA,NA
4,18
10,68
3,64
9,55
6,51
8,48
3,50
NA,78
5,NA
1,NA
8,74
NA,61
5,28
6,75
3,20
10,73
4,22
NA,71
4,26
7,51
8,23
8,28
8,NA
8,NA
10,59
8,73
7,74
10,62
NA,26
NA,26
NA,NA
NA,69
7,21
NA,56
9,38
7,45
10,67
6,73
10,25
10,45
7,60
2,34
NA,65
NA,22
2,17
9,60
7,41
NA,41
6,39
4,NA
6,NA
4,64
10,NA
10,NA
8,42
9,69
8,26
NA,71
NA,38
10,41
6,32
5,34
NA,18
NA,72
NA,78
8,68
6,65
7,63
7,NA
7,75
NA,70
3,66
7,16
8,79
3,38
10,81
10,83
5,35
NA,61
NA,35
10,68
4,33
6,35
5,81
8,77
NA,57
NA,74
8,59
NA,NA
1,33
7,44
7,25
7,33
5,62
8,26
7,70
6,24
9,60
8,36
5,25
9,60
1,48
6,64
1,51
9,31
7,21
10,31
2,53
7,NA
4,33
NA,NA
3,39
8,55
4,25
5,62
3,55
7,29
4,66
5,NA
6,60
7,NA
8,73
8,79
4,39
NA,55
NA,NA
4,18
9,72
6,65
NA,28
5,26
5,24
10,33
6,59
7,25
6,24
8,24
NA,71
NA,NA
5,57
3,71
4,35
10,29
8,37
NA,57
2,22
8,58
6,24
8,67
4,62
3,54
NA,29
6,80
1,72
6,61
NA,75
5,43
NA,77
7,75
NA,51
7,21
4,28
NA,74
3,69
5,40
9,40
8,70
9,40
1,59
2,51
2,40
8,83
3,42
3,35
NA,19
8,38
4,26
9,73
3,22
6,55
10,75
7,30
4,35
3,49
NA,23
7,63
8,50
4,62
3,65
3,35
5,34
NA,69
2,36
8,72
7,61
8,59
NA,28
8,46
9,73
3,57
7,44
4,32
8,53
2,29
6,30
5,74
NA,NA
3,48
3,NA
8,65
9,28
4,52
4,38
7,40
NA,NA
8,74
NA,53
7,39
8,73
10,64
8,61
NA,65
2,53
4,38
3,68
7,73
NA,NA
9,67
7,29
4,NA
7,30
10,64
3,26
5,52
5,NA
6,NA
5,28
6,31
6,26
9,63
9,62
8,NA
5,59
7,NA
7,22
7,65
7,41
7,NA
5,NA
8,74
7,80
7,44
5,55
8,23
NA,25
10,60
5,73
8,45
9,68
9,72
NA,NA
NA,22
7,70
NA,23
4,26
8,32
6,40
7,62
9,NA
8,29
3,NA
5,28
7,33
9,76
8,77
1,38
1,35
6,55
10,30
4,65
7,NA
4,NA
3,35
4,58
8,42
3,16
5,60
5,35
NA,75
NA,24
NA,26
3,32
8,70
2,67
6,30
NA,NA
5,45
8,64
8,NA
7,NA
2,77
1,64
8,52
3,NA
3,NA
4,28
10,20
10,28
4,41
1,50
NA,39
5,28
3,NA
7,72
NA,24
7,47
6,62
7,41
NA,73
7,36
2,35
10,34
8,60
6,61
6,24
8,30
10,40
NA,NA
6,67
6,54
NA,NA
8,28
7,45
9,47
6,49
5,22
8,45
2,71
NA,68
5,36
6,51
7,61
5,82
9,55
NA,78
NA,70
7,68
7,70
6,43
10,68
7,32
5,28
5,20
NA,28
1,50
6,27
NA,82
5,57
9,18
5,51
7,28
5,20
4,61
NA,65
9,71
1,26
10,35
2,40
5,NA
5,32
4,74
6,16
4,32
8,36
5,29
8,74
3,57
7,18
7,26
7,39
5,29
7,18
6,36
NA,30
NA,29
3,65
7,33
3,35
7,72
3,52
NA,23
8,33
8,70
8,38
NA,30
7,56
9,NA
6,NA
7,24
5,NA
8,80
1,64
1,47
7,37
8,70
8,42
8,23
9,35
3,72
3,31
5,47
3,NA
3,NA
5,53
NA,63
4,53
6,54
9,35
NA,54
7,58
NA,18
6,20
NA,NA
9,58
6,70
3,31
10,71
7,57
8,33
9,NA
9,NA
7,77
10,81
6,30
10,25
6,NA
7,NA
8,61
10,65
NA,NA
3,71
6,23
8,67
NA,47
9,70
NA,23
5,64
9,60
10,NA
10,73
9,NA
NA,NA
8,70
10,NA
5,63
5,59
6,40
5,24
NA,79
8,24
7,47
9,30
7,40
4,62
NA,21
8,69
8,31
4,35
7,24
7,75
5,21
NA,25
1,78
7,47
1,40
5,32
8,27
7,38
4,39
6,29
2,41
7,NA
4,NA
6,33
1,65
7,57
NA,51
8,NA
8,64
8,NA
4,20
7,46
8,28
9,89
4,NA
9,34
7,30
NA,30
NA,NA
2,70
5,32
9,73
7,67
6,44
10,82
9,66
8,31
7,NA
6,77
7,22
NA,57
6,23
NA,44
5,43
7,41
2,NA
3,50
2,NA
NA,28
7,34
8,59
8,36
7,58
NA,NA
7,49
3,35
NA,60
7,83
8,37
8,28
9,NA
9,NA
9,76
7,75
9,NA
5,39
7,NA
2,60
5,58
6,29
8,53
1,42
NA,NA
5,26
3,60
9,NA
7,NA
6,40
4,18
8,28
5,29
10,71
8,84
6,65
NA,26
7,31
NA,30
9,66
2,41
8,32
8,36
NA,28
5,28
6,22
9,62
5,46
NA,55
7,41
3,67
8,58
NA,67
5,38
NA,37
6,58
5,26
5,56
8,28
5,25
7,44
7,33
3,29
6,41
5,28
3,35
3,72
NA,31
7,34
8,73
7,49
5,43
6,62
10,68
10,NA
10,NA
6,53
6,55
7,32
3,30
8,62
10,NA
10,70
10,NA
4,56
NA,24
5,37
5,27
6,20
5,18
8,36
6,45
7,63
5,32
9,57
5,NA
7,28
5,65
NA,69
6,68
4,23
6,23
1,NA
1,58
1,NA
5,27
3,27
6,36
6,21
6,26
5,49
7,71
NA,73
9,23
4,41
7,58
1,24
7,30
8,77
5,69
8,61
6,24
8,28
9,30
1,25
5,NA
5,NA
8,32
9,35
9,52
5,21
5,29
6,44
8,56
NA,23
8,65
5,62
6,31
6,78
7,25
NA,NA
6,29
4,56
5,76
8,27
7,29
1,44
9,63
NA,39
10,33
5,52
8,74
9,72
NA,30
8,61
5,34
7,32
8,43
NA,54
NA,NA
NA,NA
NA,73
6,59
3,60
7,28
NA,32
7,17
6,51
2,45
5,64
10,60
NA,36
9,66
8,33
10,72
10,36
4,23
10,80
4,30
8,36
7,28
9,56
NA,30
7,NA
5,66
NA,NA
5,34
7,59
4,35
7,NA
7,NA
5,45
9,54
8,58
8,60
NA,32
NA,NA
6,28
7,74
8,50
5,27
NA,36
4,70
7,20
5,65
6,64
5,33
6,83
2,46
3,30
3,58
4,35
10,38
8,37
5,28
6,61
NA,25
7,33
7,51
9,71
NA,28
5,42
9,69
4,75
8,66
8,70
8,80
8,35
1,NA
9,NA
6,34
NA,52
6,63
8,34
NA,NA
7,33
NA,80
9,28
9,25
3,60
7,57
6,75
4,87
6,28
8,25
6,40
4,NA
6,28
2,56
1,NA
1,36
NA,NA
4,47
NA,66
7,40
4,36
7,59
10,26
5,22
3,53
8,31
4,55
10,38
2,36
8,50
3,65
NA,NA
NA,62
6,69
7,49
5,75
8,38
8,79
NA,38
1,53
7,36
6,38
10,28
10,39
7,46
8,28
7,19
2,37
5,38
5,63
NA,28
8,80
NA,66
5,71
8,29
NA,NA
7,64
7,26
6,58
7,51
8,26
7,45
8,73
5,25
5,29
4,25
7,40
7,32
7,81
NA,62
6,28
3,73
NA,79
6,35
4,58
6,26
5,66
8,67
6,76
8,33
6,33
6,22
5,38
4,62
8,26
3,73
3,32
NA,69
6,28
5,53
NA,NA
9,30
6,51
9,70
8,25
8,42
8,65
6,66
5,28
NA,32
7,29
3,19
4,72
5,75
5,55
NA,25
8,61
4,64
5,54
6,NA
8,30
NA,53
NA,31
7,18
10,20
8,56
NA,32
5,62
6,61
NA,70
8,29
10,23
7,75
1,49
8,26
NA,74
NA,28
NA,30
5,52
10,28
6,16
NA,77
1,18
NA,36
6,32
NA,68
7,50
10,60
4,55
8,82
5,67
NA,23
1,61
6,88
6,34
10,59
NA,30
4,18
7,38
10,35
8,67
6,32
9,24
NA,61
5,57
7,38
3,45
7,77
4,18
5,33
7,34
7,73
9,73
10,71
5,38
5,27
6,26
8,49
2,54
6,70
10,31
4,59
8,33
NA,65
6,60
4,62
1,NA
9,32
4,59
6,63
NA,60
NA,60
6,26
3,75
7,38
4,44
6,26
7,33
8,26
1,35
NA,59
9,30
7,36
NA,33
5,56
10,26
NA,NA
NA,NA
3,42
1,64
7,70
5,59
7,78
7,73
7,53
6,29
6,48
8,59
10,NA
1,54
8,NA
1,29
9,67
NA,63
7,44
NA,26
4,28
6,28
10,NA
7,NA
8,33
NA,54
NA,75
10,25
6,40
8,56
NA,79
8,82
5,37
10,71
8,20
10,27
5,22
1,30
7,65
8,26
NA,18
7,61
10,NA
5,36
NA,63
2,63
6,64
5,80
8,68
1,75
4,25
4,25
1,25
8,36
4,22
5,66
NA,19
NA,NA
1,25
NA,24
5,67
10,60
10,70
NA,28
5,27
6,40
6,36
5,67
3,34
7,66
6,30
7,70
5,67
8,71
5,70
5,67
1,57
6,63
7,NA
7,65
7,NA
10,33
8,63
NA,NA
NA,54
7,30
7,46
NA,32
3,44
7,45
8,71
8,58
8,60
7,49
10,56
NA,73
5,70
7,54
9,32
5,19
4,64
1,20
6,54
7,26
2,89
2,57
10,36
NA,22
NA,62
4,NA
5,58
5,NA
9,70
6,32
7,31
5,48
10,68
NA,73
7,80
2,58
3,58
6,30
6,39
5,62
8,NA
7,NA
5,69
NA,58
6,35
5,43
NA,43
8,44
7,68
8,28
10,86
10,58
4,NA
4,NA
6,35
7,59
7,55
5,60
7,63
8,63
NA,62
2,55
5,18
4,18
7,46
8,80
8,29
NA,51
4,28
NA,NA
8,65
5,NA
7,34
1,28
8,76
NA,18
6,38
10,34
4,19
4,80
NA,21
1,32
6,70
4,65
NA,NA
5,75
8,34
5,28
6,62
10,51
NA,50
7,32
3,79
NA,18
6,62
NA,21
5,28
4,61
7,65
9,33
1,32
NA,18
8,58
7,69
4,44
7,32
7,74
4,24
NA,22
NA,57
6,24
5,23
7,19
NA,NA
7,62
9,42
7,39
NA,73
4,29
5,64
8,79
NA,NA
5,26
6,24
5,40
8,62
6,36
9,71
8,65
NA,64
8,28
2,25
3,30
NA,37
8,39
10,32
8,30
3,27
7,28
5,NA
7,NA
6,30
10,57
10,33
6,30
8,64
5,63
6,32
NA,24
NA,82
7,29
NA,18
7,29
6,55
9,64
3,26
4,25
NA,55
8,52
8,63
6,26
6,32
10,78
NA,28
5,47
4,67
3,17
7,NA
6,NA
NA,22
7,72
4,68
6,68
6,37
NA,35
7,63
9,NA
9,NA
NA,NA
8,NA
7,32
8,39
NA,76
1,21
6,46
6,36
9,45
NA,NA
9,NA
6,52
5,30
NA,18
5,27
3,53
7,26
9,30
5,56
NA,32
7,49
8,70
6,59
6,43
NA,73
10,27
NA,29
6,18
4,32
6,84
6,33
5,28
8,70
6,71
10,36
7,71
5,21
NA,NA
6,NA
9,NA
7,27
7,73
7,63
6,23
8,59
7,NA
7,NA
3,37
8,36
3,53
9,33
5,70
6,71
7,45
8,NA
6,19
5,63
8,25
8,44
8,28
6,30
4,30
8,84
8,73
NA,33
9,81
6,67
5,60
NA,32
6,19
NA,60
3,26
NA,61
5,64
6,67
10,31
7,62
NA,81
NA,60
10,72
7,45
6,56
5,25
3,48
10,25
10,53
3,30
10,47
9,27
6,22
8,29
NA,NA
8,58
3,48
9,36
NA,NA
3,47
5,NA
4,NA
9,29
4,38
NA,33
3,37
1,NA
2,NA
1,62
7,77
4,38
7,30
3,24
6,26
6,33
1,60
1,25
7,31
6,40
7,61
8,59
NA,41
9,30
4,18
6,NA
2,NA
2,48
10,62
5,41
NA,NA
4,58
3,32
4,24
8,25
8,36
NA,65
8,20
2,56
7,51
NA,33
9,26
NA,59
6,55
4,32
7,30
9,64
NA,70
8,66
1,46
3,NA
1,NA
5,28
5,75
7,66
8,54
8,72
5,62
9,79
3,51
NA,NA
8,52
2,26
3,64
NA,64
5,27
NA,56
8,66
4,35
NA,74
NA,62
3,31
5,61
5,28
1,22
10,62
6,29
3,22
3,26
3,27
6,NA
5,61
8,30
10,72
6,61
10,27
5,62
7,59
6,40
6,34
7,28
6,81
5,29
NA,75
3,63
NA,NA
3,18
4,17
NA,20
7,56
4,30
10,71
NA,26
7,75
2,NA
NA,NA
4,30
6,62
6,28
NA,66
7,53
8,56
10,36
2,45
1,69
2,41
NA,56
NA,NA
6,NA
7,NA
7,68
7,60
10,59
7,52
9,64
9,54
8,56
7,22
6,28
7,42
5,23
NA,NA
4,35
7,62
8,29
4,63
4,73
8,27
7,35
10,38
7,27
NA,72
9,76
4,31
3,72
7,52
1,32
5,28
6,39
7,68
10,22
1,50
NA,30
8,72
5,28
10,36
9,56
NA,54
4,59
6,75
NA,NA
4,68
8,NA
8,NA
6,50
8,NA
8,60
7,51
5,35
NA,25
4,67
NA,NA
8,54
7,30
1,65
NA,60
10,46
6,34
7,58
7,27
NA,67
8,29
8,31
5,61
8,73
9,35
10,34
NA,76
6,36
8,26
5,28
7,38
7,22
7,29
5,26
2,16
4,23
4,42
7,76
6,30
NA,NA
4,40
8,30
9,60
6,60
5,42
8,30
NA,42
7,70
5,27
1,19
10,26
4,18
7,36
2,54
2,21
NA,NA
10,79
NA,44
5,42
9,55
8,75
NA,21
10,27
5,47
5,44
4,42
5,45
10,61
7,54
5,27
NA,18
1,69
2,38
7,49
7,37
6,27
NA,43
6,66
5,23
6,33
5,56
3,27
4,24
5,35
7,30
5,25
7,53
9,62
7,37
2,22
6,39
NA,49
6,58
7,47
6,26
NA,33
8,61
6,33
NA,NA
7,60
NA,51
8,54
6,21
NA,53
3,63
4,70
10,56
2,61
10,26
5,28
4,53
1,30
2,50
4,43
5,74
5,56
4,69
NA,25
5,45
NA,67
7,65
8,24
8,29
8,69
9,71
1,55
7,43
6,54
NA,41
5,66
9,78
5,51
4,43
8,34
10,NA
10,NA
5,26
1,22
5,44
1,66
9,64
5,28
NA,55
10,25
7,28
8,73
10,77
NA,72
6,24
NA,57
NA,NA
6,NA
8,29
9,65
10,70
6,39
5,28
10,82
2,49
7,39
7,60
4,31
9,61
1,57
1,NA
1,NA
4,26
5,64
10,36
7,17
NA,NA
2,39
4,25
2,49
5,58
10,53
6,61
1,53
3,42
7,50
NA,51
NA,NA
7,67
7,NA
7,NA
7,50
1,28
6,35
6,26
NA,NA
6,28
10,35
7,33
NA,42
6,28
3,56
9,58
6,33
NA,78
8,56
10,32
3,27
7,71
7,27
NA,52
8,48
9,21
8,53
10,38
2,25
7,53
NA,25
8,26
10,40
6,61
3,49
9,71
1,27
6,70
5,65
7,26
7,78
10,80
4,26
7,25
NA,NA
4,28
8,45
8,76
NA,82
7,71
4,38
NA,NA
8,25
7,67
3,32
NA,44
6,69
9,24
6,30
4,56
7,41
1,34
10,62
NA,18
4,51
7,30
7,61
1,57
8,70
8,NA
7,63
5,57
5,41
NA,43
7,41
5,37
NA,80
10,NA
10,67
3,58
9,48
6,21
NA,64
7,33
6,52
5,33
6,64
4,83
NA,NA
6,44
6,36
5,35
5,38
10,75
6,41
5,46
NA,50
8,NA
5,NA
6,78
NA,58
8,40
7,32
4,36
1,50
NA,NA
8,NA
8,NA
7,44
NA,55
8,31
NA,NA
10,26
NA,47
6,53
7,NA
7,NA
4,55
7,20
8,61
7,NA
8,NA
8,68
9,54
10,79
5,NA
4,NA
8,29
8,66
6,32
7,25
NA,NA
6,29
8,38
7,36
NA,NA
NA,53
NA,24
NA,75
1,63
8,66
5,45
8,38
5,32
8,63
8,58
6,28
5,25
8,24
9,65
NA,28
4,25
8,24
3,30
5,70
7,40
7,68
7,27
1,43
7,54
4,24
7,70
8,77
4,57
7,75
10,39
9,69
3,53
5,33
9,66
5,30
3,47
3,67
NA,NA
6,63
4,26
NA,37
8,27
9,38
7,54
4,67
5,NA
5,69
NA,73
1,NA
10,82
6,68
5,41
5,30
6,61
4,38
NA,28
NA,29
6,24
6,37
5,73
NA,57
1,25
4,32
8,34
10,33
3,NA
3,NA
8,47
10,67
4,25
5,45
9,78
1,59
7,34
5,74
3,30
10,NA
8,NA
8,53
8,NA
10,34
NA,66
5,55
6,30
6,21
3,45
7,31
NA,29
7,32
10,38
NA,NA
7,25
NA,73
8,73
7,32
10,36
4,30
10,72
10,NA
10,83
10,NA
9,85
NA,76
7,40
1,45
1,78
1,38
2,NA
1,NA
2,39
9,NA
7,NA
10,40
7,21
NA,71
4,18
NA,73
5,26
7,59
7,48
9,32
NA,30
5,42
6,43
1,42
1,55
9,31
4,25
6,25
7,29
NA,NA
5,26
8,69
8,30
NA,50
6,NA
5,38
4,49
6,28
NA,64
8,28
6,29
7,42
5,28
9,26
1,63
7,73
5,63
5,26
5,38
5,55
NA,77
7,48
NA,NA
NA,NA
6,26
5,27
NA,37
6,35
8,20
10,63
10,22
5,66
5,46
7,NA
6,NA
8,32
9,NA
9,NA
7,33
7,34
5,21
4,NA
6,NA
3,80
8,NA
8,72
8,NA
6,56
8,40
NA,27
3,60
7,42
4,63
6,76
6,31
4,29
5,28
8,66
6,80
2,59
10,80
1,22
6,24
NA,56
5,39
4,41
8,30
NA,59
NA,NA
3,57
9,59
4,55
6,37
6,58
9,64
8,31
7,35
5,29
8,53
4,22
3,55
6,62
7,67
6,64
8,45
7,71
7,54
5,50
NA,25
5,41
NA,64
3,35
9,65
7,84
6,29
4,58
NA,32
2,31
NA,38
6,30
7,59
8,46
6,38
6,49
NA,54
8,33
5,37
7,62
8,33
10,70
4,50
8,NA
8,NA
1,52
NA,27
NA,35
7,29
6,28
8,52
7,63
9,35
5,54
7,25
6,43
4,69
8,44
7,39
NA,NA
NA,59
6,36
7,53
5,35
10,73
5,40
8,77
7,63
8,55
7,63
3,54
NA,64
8,68
4,28
6,36
8,24
3,78
1,60
NA,NA
1,52
NA,76
4,74
5,28
7,NA
7,NA
6,31
5,59
NA,56
3,19
5,66
4,55
3,39
6,74
9,26
8,25
5,64
NA,31
6,70
6,29
7,NA
NA,NA
4,80
NA,34
7,21
4,30
8,27
3,64
4,77
10,68
7,57
NA,82
5,26
7,25
5,NA
3,NA
6,50
8,35
NA,44
7,40
5,52
8,64
4,52
5,61
7,60
8,NA
7,NA
3,23
7,45
5,20
5,71
4,64
8,36
5,28
3,23
4,70
7,NA
7,NA
8,52
NA,67
9,20
7,31
7,47
6,25
10,36
3,38
3,27
1,33
8,44
NA,58
4,28
5,65
6,35
7,32
7,58
6,18
6,81
4,NA
4,19
7,NA
8,26
5,34
10,38
5,22
NA,64
NA,NA
5,35
NA,63
1,57
7,NA
7,NA
9,32
3,62
6,35
7,60
9,35
5,71
4,24
4,69
6,36
NA,NA
9,60
2,72
NA,NA
1,60
8,58
NA,33
2,26
8,29
10,37
7,32
NA,31
NA,22
7,57
8,34
5,54
1,57
7,46
6,38
8,23
5,26
8,48
8,33
4,31
8,79
9,69
7,84
8,78
NA,NA
7,46
NA,57
NA,NA
5,24
7,NA
4,56
8,64
2,25
8,30
8,71
3,28
NA,25
8,26
8,35
4,37
8,40
6,63
9,28
7,29
5,73
8,56
1,57
5,30
4,20
NA,54
NA,30
NA,29
NA,NA
NA,75
4,25
NA,52
NA,44
NA,39
3,35
NA,27
NA,59
7,41
NA,60
4,63
9,75
NA,49
8,25
1,34
10,80
NA,43
5,66
4,53
9,72
10,67
8,NA
7,NA
6,18
3,39
NA,36
7,26
9,35
7,56
7,26
NA,34
8,68
8,30
NA,25
NA,65
7,79
NA,56
3,25
7,71
2,NA
5,72
6,NA
6,54
NA,NA
6,30
NA,38
8,71
NA,83
NA,67
2,32
10,31
4,38
NA,NA
NA,NA
10,26
5,72
8,28
4,44
NA,81
5,29
9,46
NA,NA
8,35
1,47
8,33
8,30
6,51
6,70
NA,23
10,63
6,NA
7,32
7,NA
10,31
7,38
NA,34
6,33
8,33
NA,25
7,25
10,67
NA,NA
NA,37
9,42
NA,42
NA,32
10,33
6,63
10,42
NA,36
7,NA
4,26
5,NA
9,78
6,25
5,19
1,25
6,50
3,25
3,38
6,61
7,21
8,78
7,63
8,61
4,79
7,NA
6,NA
4,28
9,26
NA,32
3,24
5,29
2,18
7,62
5,23
8,63
4,22
5,68
NA,65
7,30
4,26
3,55
5,42
6,28
6,31
6,28
NA,22
4,44
5,61
9,86
6,23
NA,67
NA,NA
NA,43
2,NA
4,50
4,43
8,28
NA,NA
6,43
1,63
6,42
7,25
NA,79
5,48
NA,67
2,49
7,62
8,52
NA,72
NA,NA
NA,NA
NA,NA
8,33
7,61
NA,73
6,43
5,47
10,61
1,34
5,27
NA,27
NA,NA
6,54
8,48
8,28
7,46
7,NA
6,NA
5,46
4,38
NA,85
6,41
7,25
3,47
8,18
NA,25
2,23
7,34
5,28
9,73
5,66
9,72
5,49
1,46
7,32
3,25
8,57
4,26
5,42
4,70
9,56
7,50
8,61
6,26
7,38
5,32
8,36
3,27
10,62
10,35
7,20
7,35
NA,45
7,30
8,71
8,NA
9,NA
7,38
7,67
10,73
8,63
NA,57
6,NA
8,NA
1,42
NA,18
NA,33
NA,33
8,75
7,62
NA,43
8,73
2,26
NA,63
5,65
7,48
NA,NA
NA,NA
NA,27
9,49
8,54
7,25
NA,28
8,30
8,75
3,42
10,64
7,NA
5,NA
7,31
4,53
6,43
1,26
5,35
6,63
10,70
7,56
6,23
4,30
6,40
1,58
NA,66
NA,NA
10,22
5,25
5,67
1,58
5,28
8,72
6,64
1,52
8,42
10,65
10,23
7,31
10,56
NA,NA
5,36
NA,61
3,35
5,32
1,61
6,23
8,34
7,68
5,60
6,80
7,35
7,55
4,54
9,28
6,24
5,36
10,57
8,29
8,72
7,28
1,57
NA,33
6,63
6,36
NA,NA
3,35
3,55
8,NA
7,NA
7,53
8,24
6,59
NA,29
7,57
7,NA
8,NA
3,72
10,80
2,70
8,NA
8,NA
7,48
7,58
3,60
NA,34
9,NA
5,61
7,73
7,62
4,63
4,25
8,55
8,47
NA,51
1,36
6,NA
5,43
7,NA
7,61
5,25
3,25
3,NA
3,NA
4,47
10,34
NA,62
NA,59
10,31
7,52
10,35
6,48
8,35
8,75
5,24
9,26
5,82
4,54
10,74
6,57
2,63
10,30
7,36
5,73
5,26
5,60
7,64
4,73
NA,67
2,59
9,36
1,58
NA,NA
2,NA
10,42
7,54
NA,51
9,53
5,27
6,28
10,55
NA,27
8,64
6,46
6,65
6,32
NA,57
2,66
NA,NA
4,35
7,28
7,31
9,65
2,60
8,54
4,64
3,22
6,70
8,48
3,51
6,64
NA,54
9,49
6,34
8,30
10,25
2,50
5,51
10,31
6,28
5,31
4,57
10,22
NA,80
NA,90
6,74
7,36
NA,85
7,32
NA,42
10,28
NA,31
6,21
10,74
8,40
3,37
8,78
10,80
10,52
6,19
7,50
NA,NA
6,61
6,NA
9,62
5,21
6,36
7,55
NA,70
3,33
7,44
NA,78
4,21
6,79
3,31
NA,NA
7,36
2,26
7,70
10,NA
7,NA
NA,63
7,48
NA,55
6,73
10,42
8,78
6,26
NA,NA
4,54
7,43
2,50
1,54
4,62
8,67
6,18
5,57
6,62
6,30
9,72
6,46
8,41
2,73
10,57
8,54
4,55
NA,39
5,35
10,46
6,29
7,27
1,42
9,NA
8,NA
2,50
6,79
6,25
7,68
7,55
1,34
NA,53
8,26
5,58
7,54
NA,NA
NA,25
6,25
7,29
7,30
10,73
10,64
8,27
5,33
5,78
1,25
NA,75
7,31
4,60
4,64
7,61
7,26
9,NA
9,NA
8,62
4,25
9,56
7,66
8,28
1,64
NA,46
NA,65
6,45
6,75
4,48
8,33
8,33
7,63
4,23
6,54
8,74
NA,68
4,65
10,46
NA,NA
5,62
5,57
6,55
NA,40
8,65
10,28
7,36
5,36
8,48
8,59
4,58
NA,70
2,30
9,30
NA,61
8,22
2,29
5,29
NA,62
7,64
NA,66
7,29
5,75
NA,37
NA,42
NA,60
4,70
8,69
10,22
7,49
8,NA
6,NA
6,30
6,31
3,25
10,19
NA,61
NA,28
1,NA
1,NA
4,28
5,22
7,70
5,68
2,64
10,41
3,25
8,23
8,50
NA,35
3,69
8,NA
9,NA
9,71
2,21
7,26
NA,61
NA,38
7,30
10,50
1,63
NA,29
8,72
NA,65
3,52
4,60
10,76
5,50
5,63
NA,26
10,64
5,42
2,62
5,25
7,40
8,NA
10,NA
4,79
10,75
7,72
NA,24
4,41
NA,38
5,30
1,58
5,51
10,59
5,22
7,50
1,NA
1,48
NA,71
7,28
8,61
5,18
5,63
9,53
1,31
NA,70
10,25
5,73
9,69
1,66
8,39
5,NA
5,NA
3,39
NA,22
NA,26
3,57
4,26
9,62
7,45
3,55
10,NA
10,NA
4,18
8,44
7,NA
6,36
7,42
1,51
6,28
3,29
5,30
1,63
8,54
9,74
8,35
NA,44
8,27
6,65
9,67
9,54
5,59
4,20
NA,48
4,36
8,NA
8,71
7,NA
3,22
7,17
8,47
5,66
4,25
7,34
8,33
NA,NA
4,43
5,19
6,25
6,73
3,26
7,75
5,44
6,72
NA,NA
NA,23
NA,72
7,32
4,27
3,69
5,NA
4,NA
NA,70
9,45
7,64
NA,NA
NA,49
6,58
2,NA
8,60
4,39
10,29
7,30
4,NA
7,56
7,NA
7,30
8,69
NA,49
10,22
8,27
7,43
9,64
9,55
7,16
7,57
3,16
9,32
4,21
5,58
5,25
3,62
2,24
7,65
8,64
4,63
6,60
7,34
8,41
NA,22
6,37
NA,85
8,40
5,56
9,67
8,35
NA,61
7,NA
8,NA
4,35
10,64
NA,24
6,57
8,48
10,52
10,32
7,62
4,50
2,64
7,68
5,45
10,45
8,36
4,NA
5,NA
7,31
